test,p_value,bh_q_value
h3_spearman_erasure_fulltrain_vs_accuracy_drop,1.7849537144134527e-264,4.8193750289163225e-263
h3_spearman_erasure_cleanup_vs_accuracy_drop,2.216039856687876e-257,2.991653806528632e-256
h5_crossprime_p97,3.1920955234582056e-105,1.723731582667431e-104
h5_crossscheme_int,3.1920955234582056e-105,1.723731582667431e-104
h5_crosstask_addition,3.1920955234582056e-105,1.723731582667431e-104
h5_crossscheme_nf,7.9255955224208115e-84,3.566517985089365e-83
h5_crossprime_p59,1.0102006485252464e-79,3.896488215740236e-79
theory_bits_vs_drop_rho_samesubset,1.3453592218221049e-73,4.540587373649604e-73
theory_ab_vs_drop_rho_embedding,3.714992768886078e-73,1.1144978306658235e-72
theory_ab_vs_drop_rho,5.721901517527647e-72,1.5449134097324649e-71
theory_ab_vs_drop_rho_unembed,3.525508949745891e-70,8.653521967558096e-70
theory_ab_vs_drop_rho_attention,5.512522366745958e-70,1.2403175325178406e-69
theory_ab_vs_drop_rho_mlp,2.6355931018124237e-68,5.473924134533496e-68
h5_crosstask_multiplication,3.8760211701224756e-64,7.475183685236202e-64
h5_crosstask_subtraction,8.357862683995596e-40,1.5044152831192074e-39
h4_kruskal_group_sensitivity_bits2,1.2825648632899094e-14,2.164328206801722e-14
h1_spearman_bits_vs_reversion_gap,1.0990131753197831e-11,1.7454915137431847e-11
h4_kruskal_group_sensitivity_bits4,1.4437155047941716e-09,2.1655732571912574e-09
h4b_kruskal_gate_up_down_bits4,0.00010087322645244442,0.00014334616390610525
h2_subtraction_p97_wilcoxon_bits90_cleaned_test_vs_pregrok_train,0.009374768459434876,0.012655937420237082
h4theory_spearman_dff_vs_accuracy_drop_bits5,0.013504462927635739,0.017362880906960237
h4theory_spearman_dff_vs_accuracy_drop_bits4,0.025132279450518765,0.030844161143818483
h4theory_spearman_dff_vs_accuracy_drop_bits2,0.08419141090698842,0.09883339541255164
h4b_kruskal_gate_up_down_bits2,0.19835342365542744,0.2231476016123559
theory_width_maxw_rho,0.24442657315474628,0.263980699007126
h5_crossscheme_mantissa,0.5300631308333718,0.550450174326963
h3_partial_spearman_cleanup_controlling_fulltrain,0.6521383361908777,0.6521383361908777
