WeightGroup,Bits,N,QTestAcc
attention,2,40,0.012446864962112118
attention,3,40,0.10340063717740118
attention,4,40,0.5077709870412945
attention,5,40,0.8544589050114155
attention,6,40,0.9609635052271187
attention,8,40,0.9923574134707451
attention,10,40,0.9924592539668083
attention,12,40,0.9924503982067108
attention,16,40,0.9924858212471008
attention,23,40,0.992481392621994
embedding,2,40,0.054844136920291886
embedding,3,40,0.4834661648608744
embedding,4,40,0.8474583716597408
embedding,5,40,0.9611893318593502
embedding,6,40,0.9896519586443902
embedding,8,40,0.9924194052815437
embedding,10,40,0.9924548253417015
embedding,12,40,0.9924769654870034
embedding,16,40,0.992481392621994
embedding,23,40,0.992481392621994
mlp,2,40,0.0342144877882674
mlp,3,40,0.21243357993662354
mlp,4,40,0.49373006746172904
mlp,5,40,0.721599355712533
mlp,6,40,0.9471616975963115
mlp,8,40,0.9922511428594589
mlp,10,40,0.992410546541214
mlp,12,40,0.9924769654870034
mlp,16,40,0.992481392621994
mlp,23,40,0.992481392621994
unembed,2,40,0.09899486321955915
unembed,3,40,0.5494509313255549
unembed,4,40,0.8446156434714794
unembed,5,40,0.9535290390253067
unembed,6,40,0.9905862435698509
unembed,8,40,0.9924326866865159
unembed,10,40,0.9923972651362419
unembed,12,40,0.9924725368618965
unembed,16,40,0.9924769654870034
unembed,23,40,0.992481392621994
