MLPSubgroup,Bits,N,QTestAcc
mlp_down,2,40,0.06588292480446394
mlp_down,3,40,0.5152762981131673
mlp_down,4,40,0.8914939694106578
mlp_down,5,40,0.9806101620197296
mlp_down,6,40,0.991405414044857
mlp_down,8,40,0.992481392621994
mlp_down,10,40,0.9924725368618965
mlp_down,12,40,0.992481392621994
mlp_down,16,40,0.992481392621994
mlp_down,23,40,0.992481392621994
mlp_gate,2,40,0.09569606627337632
mlp_gate,3,40,0.28396209445782
mlp_gate,4,40,0.5560928039252758
mlp_gate,5,40,0.7983660971745848
mlp_gate,6,40,0.9744509302079678
mlp_gate,8,40,0.9923087045550346
mlp_gate,10,40,0.9924326866865159
mlp_gate,12,40,0.9924636811017991
mlp_gate,16,40,0.9924858212471008
mlp_gate,23,40,0.992481392621994
mlp_up,2,40,0.07801540817017663
mlp_up,3,40,0.46010006899014116
mlp_up,4,40,0.7512043826282024
mlp_up,5,40,0.8759165696799756
mlp_up,6,40,0.9729675769805908
mlp_up,8,40,0.9923352703452111
mlp_up,10,40,0.9924326866865159
mlp_up,12,40,0.9924902483820915
mlp_up,16,40,0.992481392621994
mlp_up,23,40,0.992481392621994
