TrainFrac,Bits,N,QTrainAcc,QTestAcc
0.2,2,20,0.011057947622612075,0.009849893650971305
0.2,3,20,0.08625730806961653,0.02270855465903873
0.2,4,20,0.42535884454846384,0.077058978844434
0.2,5,20,0.8127857416868209,0.13932651206851002
0.2,6,20,0.9869484186172486,0.17358528003096577
0.2,8,20,0.9976608186960221,0.1807585000991821
0.2,10,20,0.9976873993873596,0.18126992359757418
0.2,12,20,0.9977139800786972,0.18142932727932926
0.2,16,20,0.9977139800786972,0.18134962581098074
0.2,23,20,0.9977139800786972,0.181362909451127
0.3,2,20,0.011481218948028931,0.010558676207438056
0.3,3,20,0.1304216844728216,0.05894185468787323
0.3,4,20,0.492771076830104,0.24887657696381207
0.3,5,20,0.8866052374243736,0.5591695725917816
0.3,6,20,0.9922572642564773,0.660756042599678
0.3,8,20,0.9996279239654541,0.6721724599599839
0.3,10,20,0.999698793888092,0.672187639772892
0.3,12,20,0.9997165113687515,0.672202818095684
0.3,16,20,0.999698793888092,0.6721496865153312
0.3,23,20,0.999698793888092,0.6721572771668434
0.4,2,20,0.009819293278269425,0.01006907536648209
0.4,3,20,0.01874833916081112,0.018650371674448205
0.4,4,20,0.17040924639441068,0.1669146274914965
0.4,5,20,0.5104305107146502,0.4984413689002395
0.4,6,20,0.8904065944254398,0.8795784570276737
0.4,8,20,0.9999069899320603,0.9928444802761078
0.4,10,20,1.0,0.9929684638977051
0.4,12,20,1.0,0.9929950296878814
0.4,16,20,1.0,0.9930127412080765
0.4,23,20,1.0,0.9930127412080765
