p,seed,task,tag,grok_step,cleanup_steps,bits,erasure_cleanup,erasure_fulltrain
59,0,addition,E1_addition,10350,19650,2,0.9620355367660522,0.9806196689605712
59,0,addition,E1_addition,10350,19650,3,0.7282831192016601,0.7035139977931977
59,0,addition,E1_addition,10350,19650,4,0.4615276426076889,0.3839486092329025
59,0,addition,E1_addition,10350,19650,5,0.2604088127613068,0.1874379776418209
59,0,addition,E1_addition,10350,19650,6,0.1389040321111679,0.0916231531649827
59,0,addition,E1_addition,10350,19650,8,0.0344102768227458,0.0228122471831738
59,0,addition,E1_addition,10350,19650,10,0.0082861698465421,0.0056254236027598
59,0,addition,E1_addition,10350,19650,12,0.00217686779215,0.0012729854322969
59,0,addition,E1_addition,10350,19650,16,8.298979300889187e-05,6.875792460050433e-05
59,0,addition,E1_addition,10350,19650,23,0.0,0.0
59,1,addition,E1_addition,7581,22419,2,0.9643545866012572,0.9594130158424378
59,1,addition,E1_addition,7581,22419,3,0.7353994429111481,0.7475581169128418
59,1,addition,E1_addition,7581,22419,4,0.4890394419431686,0.4534543544054031
59,1,addition,E1_addition,7581,22419,5,0.2781445533037185,0.2280846506357193
59,1,addition,E1_addition,7581,22419,6,0.1452403109520673,0.1128658257424831
59,1,addition,E1_addition,7581,22419,8,0.0365176600404083,0.0290882470086216
59,1,addition,E1_addition,7581,22419,10,0.0089077015873044,0.0076292051468044
59,1,addition,E1_addition,7581,22419,12,0.0022807859641034,0.0022085212229285
59,1,addition,E1_addition,7581,22419,16,6.642271619057283e-05,0.0003791434181039
59,1,addition,E1_addition,7581,22419,23,0.0,0.0
59,2,addition,E1_addition,1837,28163,2,0.9904940009117128,0.9933948159217836
59,2,addition,E1_addition,1837,28163,3,0.7569409251213074,0.7378516554832458
59,2,addition,E1_addition,1837,28163,4,0.4351984798908234,0.4428102344274521
59,2,addition,E1_addition,1837,28163,5,0.2269114211201667,0.2197786465287208
59,2,addition,E1_addition,1837,28163,6,0.1132728442549705,0.1058988083153963
59,2,addition,E1_addition,1837,28163,8,0.0303018735721707,0.0267351170070469
59,2,addition,E1_addition,1837,28163,10,0.0076558656524866,0.0065802149008959
59,2,addition,E1_addition,1837,28163,12,0.0020078913890756,0.0015982580836862
59,2,addition,E1_addition,1837,28163,16,9.491408200119622e-05,0.0001336483146587
59,2,addition,E1_addition,1837,28163,23,0.0,0.0
59,3,addition,E1_addition,3498,26502,2,0.995175975561142,0.9927372813224792
59,3,addition,E1_addition,3498,26502,3,0.7922325432300568,0.7741779863834382
59,3,addition,E1_addition,3498,26502,4,0.5007638514041901,0.4586706697940826
59,3,addition,E1_addition,3498,26502,5,0.2759916335344314,0.2293110892176628
59,3,addition,E1_addition,3498,26502,6,0.1427700884640216,0.1116678453981876
59,3,addition,E1_addition,3498,26502,8,0.0370950952172279,0.0253678858280181
59,3,addition,E1_addition,3498,26502,10,0.0090787867549806,0.006038885936141
59,3,addition,E1_addition,3498,26502,12,0.0025956132216379,0.0012419988401234
59,3,addition,E1_addition,3498,26502,16,0.000115621885925,0.0001561616409162
59,3,addition,E1_addition,3498,26502,23,0.0,0.0
59,5,addition,E1_addition,3418,26582,2,0.9799597024917602,0.957921814918518
59,5,addition,E1_addition,3418,26582,3,0.7947195529937744,0.6900177478790284
59,5,addition,E1_addition,3418,26582,4,0.5327318578958511,0.3696597948670387
59,5,addition,E1_addition,3418,26582,5,0.3007876262068748,0.1743718907237053
59,5,addition,E1_addition,3418,26582,6,0.1579765625298023,0.0849473046138882
59,5,addition,E1_addition,3418,26582,8,0.0391042669769376,0.0201194981811568
59,5,addition,E1_addition,3418,26582,10,0.0095235081855207,0.0050279240123927
59,5,addition,E1_addition,3418,26582,12,0.0025075604673475,0.0011595923744607
59,5,addition,E1_addition,3418,26582,16,0.0001290150743443,6.565306612174026e-05
59,5,addition,E1_addition,3418,26582,23,0.0,0.0
59,6,addition,E1_addition,5976,24024,2,0.9970057427883148,0.9966385245323182
59,6,addition,E1_addition,5976,24024,3,0.8726447224617004,0.7755871772766113
59,6,addition,E1_addition,5976,24024,4,0.6166319578886033,0.4433781743049622
59,6,addition,E1_addition,5976,24024,5,0.3558883413672447,0.2135296896100044
59,6,addition,E1_addition,5976,24024,6,0.1868724316358566,0.1020608879625797
59,6,addition,E1_addition,5976,24024,8,0.0484741050750017,0.0253028973937034
59,6,addition,E1_addition,5976,24024,10,0.0125091404654085,0.0060244355583563
59,6,addition,E1_addition,5976,24024,12,0.003083329857327,0.0014097206294536
59,6,addition,E1_addition,5976,24024,16,0.0001277585150091,7.638284441782161e-05
59,6,addition,E1_addition,5976,24024,23,0.0,0.0
59,7,addition,E1_addition,3098,26902,2,0.9968298554420472,0.966871976852417
59,7,addition,E1_addition,3098,26902,3,0.8024632036685944,0.7086154282093048
59,7,addition,E1_addition,3098,26902,4,0.4949436098337173,0.3754401907324791
59,7,addition,E1_addition,3098,26902,5,0.2627176940441131,0.1838311113417148
59,7,addition,E1_addition,3098,26902,6,0.1301896125078201,0.0871262181550264
59,7,addition,E1_addition,3098,26902,8,0.0350925181061029,0.0209873718209564
59,7,addition,E1_addition,3098,26902,10,0.0083437791094183,0.0060456882230937
59,7,addition,E1_addition,3098,26902,12,0.0017815189552493,0.001795020425925
59,7,addition,E1_addition,3098,26902,16,0.0001239723074831,1.1455278581706809e-05
59,7,addition,E1_addition,3098,26902,23,0.0,0.0
59,8,addition,E1_addition,3071,26929,2,0.9911267042160036,0.987670522928238
59,8,addition,E1_addition,3071,26929,3,0.8051343977451324,0.7856229662895202
59,8,addition,E1_addition,3071,26929,4,0.5695316225290299,0.4308974802494049
59,8,addition,E1_addition,3071,26929,5,0.3420408219099045,0.204640445113182
59,8,addition,E1_addition,3071,26929,6,0.18064791187644,0.1016117274761199
59,8,addition,E1_addition,3071,26929,8,0.0442761078476905,0.0242863375693559
59,8,addition,E1_addition,3071,26929,10,0.0115708017721772,0.0063915010076016
59,8,addition,E1_addition,3071,26929,12,0.0027351246681064,0.0017587081645615
59,8,addition,E1_addition,3071,26929,16,0.0001474125470849,0.0001411587451002
59,8,addition,E1_addition,3071,26929,23,0.0,0.0
59,9,addition,E1_addition,5697,24303,2,0.9701768159866332,0.9636810839176178
59,9,addition,E1_addition,5697,24303,3,0.8229604065418243,0.7483665525913239
59,9,addition,E1_addition,5697,24303,4,0.5998024761676788,0.4174718409776687
59,9,addition,E1_addition,5697,24303,5,0.361797533929348,0.1996725432574749
59,9,addition,E1_addition,5697,24303,6,0.1964830167591572,0.0964819215238094
59,9,addition,E1_addition,5697,24303,8,0.0498245299793779,0.0230392630212008
59,9,addition,E1_addition,5697,24303,10,0.0130010028835386,0.0058372392086312
59,9,addition,E1_addition,5697,24303,12,0.0032191931502893,0.0017005941655952
59,9,addition,E1_addition,5697,24303,16,0.0001964985392987,6.56530653941445e-05
59,9,addition,E1_addition,5697,24303,23,0.0,0.0
59,10,addition,E1_addition,5413,24587,2,0.99755819439888,0.976095414161682
59,10,addition,E1_addition,5413,24587,3,0.854257333278656,0.750460022687912
59,10,addition,E1_addition,5413,24587,4,0.5297944396734238,0.4100186243653297
59,10,addition,E1_addition,5413,24587,5,0.2903333693742752,0.1950887277722358
59,10,addition,E1_addition,5413,24587,6,0.1490678526461124,0.0938939720392227
59,10,addition,E1_addition,5413,24587,8,0.037330518849194,0.0236583793535828
59,10,addition,E1_addition,5413,24587,10,0.0087590425275266,0.0057572029996663
59,10,addition,E1_addition,5413,24587,12,0.0019317150465212,0.0015320228063501
59,10,addition,E1_addition,5413,24587,16,8.581190922996029e-05,0.0001217254008224
59,10,addition,E1_addition,5413,24587,23,0.0,0.0
59,11,addition,E1_addition,2364,27636,2,0.9000156223773956,0.9189248561859132
59,11,addition,E1_addition,2364,27636,3,0.5777208149433136,0.5956197261810303
59,11,addition,E1_addition,2364,27636,4,0.3324670150876045,0.3106361269950867
59,11,addition,E1_addition,2364,27636,5,0.1753467872738838,0.1506399974226951
59,11,addition,E1_addition,2364,27636,6,0.0881378218531608,0.0746267840266227
59,11,addition,E1_addition,2364,27636,8,0.0212057976517826,0.0185552548617124
59,11,addition,E1_addition,2364,27636,10,0.0053105340106412,0.0046437177807092
59,11,addition,E1_addition,2364,27636,12,0.0012056974286679,0.0011996522545814
59,11,addition,E1_addition,2364,27636,16,7.796629943186417e-05,9.599272816558368e-05
59,11,addition,E1_addition,2364,27636,23,0.0,0.0
59,12,addition,E1_addition,6809,23191,2,0.9454371988773346,0.916565716266632
59,12,addition,E1_addition,6809,23191,3,0.6910910308361053,0.6617520034313202
59,12,addition,E1_addition,6809,23191,4,0.4321788877248764,0.3694590181112289
59,12,addition,E1_addition,6809,23191,5,0.2493058532476425,0.1771384760737419
59,12,addition,E1_addition,6809,23191,6,0.1260178193449974,0.0870520129799842
59,12,addition,E1_addition,6809,23191,8,0.031978871487081,0.0207796301692724
59,12,addition,E1_addition,6809,23191,10,0.0087013508193194,0.0056502873077988
59,12,addition,E1_addition,6809,23191,12,0.0022851365152746,0.0015505567658692
59,12,addition,E1_addition,6809,23191,16,0.0001477670703025,8.270705147879198e-05
59,12,addition,E1_addition,6809,23191,23,0.0,0.0
59,13,addition,E1_addition,3619,26381,2,0.8847793221473694,0.8898418426513672
59,13,addition,E1_addition,3619,26381,3,0.5845383316278457,0.5647889196872711
59,13,addition,E1_addition,3619,26381,4,0.322641932964325,0.2855018332600593
59,13,addition,E1_addition,3619,26381,5,0.1554200392216444,0.1363059073686599
59,13,addition,E1_addition,3619,26381,6,0.0768426468595862,0.0669941622763872
59,13,addition,E1_addition,3619,26381,8,0.0189491227734833,0.0170799259096384
59,13,addition,E1_addition,3619,26381,10,0.0046378537546843,0.0041044358164072
59,13,addition,E1_addition,3619,26381,12,0.0012304993288125,0.0008983428007923
59,13,addition,E1_addition,3619,26381,16,0.0001144094741903,3.359618422109634e-05
59,13,addition,E1_addition,3619,26381,23,0.0,0.0
59,14,addition,E1_addition,699,29301,2,0.9681245267391204,0.9771911442279816
59,14,addition,E1_addition,699,29301,3,0.6467017233371735,0.6739097654819488
59,14,addition,E1_addition,699,29301,4,0.3283822864294052,0.3509288132190704
59,14,addition,E1_addition,699,29301,5,0.1597506925463676,0.1685031875967979
59,14,addition,E1_addition,699,29301,6,0.078688596189022,0.0832294382154941
59,14,addition,E1_addition,699,29301,8,0.0200097192078828,0.0218343593180179
59,14,addition,E1_addition,699,29301,10,0.0044736858224496,0.0058423906099051
59,14,addition,E1_addition,699,29301,12,0.0012357949279248,0.0011457124608568
59,14,addition,E1_addition,699,29301,16,5.9044740919489416e-05,6.265440897550434e-05
59,14,addition,E1_addition,699,29301,23,0.0,0.0
59,15,addition,E1_addition,3424,26576,2,0.9601188361644744,0.9533867716789246
59,15,addition,E1_addition,3424,26576,3,0.746822863817215,0.7695485413074493
59,15,addition,E1_addition,3424,26576,4,0.4762768626213073,0.4569478929042816
59,15,addition,E1_addition,3424,26576,5,0.2626350373029709,0.2243063151836395
59,15,addition,E1_addition,3424,26576,6,0.1365368284285068,0.1100246034562587
59,15,addition,E1_addition,3424,26576,8,0.0340300580486655,0.0263941405341029
59,15,addition,E1_addition,3424,26576,10,0.0081872299313545,0.0068465333431959
59,15,addition,E1_addition,3424,26576,12,0.0018949181307107,0.0021186222671531
59,15,addition,E1_addition,3424,26576,16,9.085468045668676e-05,0.0001202039980853
59,15,addition,E1_addition,3424,26576,23,0.0,0.0
59,16,addition,E1_addition,1922,28078,2,0.9022530496120452,0.9134288668632508
59,16,addition,E1_addition,1922,28078,3,0.6085308790206909,0.6243402004241944
59,16,addition,E1_addition,1922,28078,4,0.3538690894842148,0.3363633632659912
59,16,addition,E1_addition,1922,28078,5,0.1843700960278511,0.1618011251091957
59,16,addition,E1_addition,1922,28078,6,0.0925847992300987,0.0787705518305301
59,16,addition,E1_addition,1922,28078,8,0.0241646025329828,0.0182842209935188
59,16,addition,E1_addition,1922,28078,10,0.00557487080805,0.0043415736872702
59,16,addition,E1_addition,1922,28078,12,0.0014677595143439,0.0009720525180455
59,16,addition,E1_addition,1922,28078,16,9.82575300440658e-05,7.508213093387894e-05
59,16,addition,E1_addition,1922,28078,23,0.0,0.0
59,17,addition,E1_addition,3724,26276,2,0.9993979811668396,0.9971802413463592
59,17,addition,E1_addition,3724,26276,3,0.8647714197635651,0.7974091827869415
59,17,addition,E1_addition,3724,26276,4,0.5697095781564713,0.4596528589725494
59,17,addition,E1_addition,3724,26276,5,0.3038902208209038,0.226836921274662
59,17,addition,E1_addition,3724,26276,6,0.148635384440422,0.1088406696915626
59,17,addition,E1_addition,3724,26276,8,0.0342063333839178,0.0248052781447768
59,17,addition,E1_addition,3724,26276,10,0.0082162422826513,0.006105507351458
59,17,addition,E1_addition,3724,26276,12,0.0019667154178023,0.0013840762898325
59,17,addition,E1_addition,3724,26276,16,0.0001130480886786,9.652378867031076e-05
59,17,addition,E1_addition,3724,26276,23,0.0,0.0
59,18,addition,E1_addition,3803,26197,2,0.9984135925769806,0.9777645349502564
59,18,addition,E1_addition,3803,26197,3,0.8987549901008606,0.8333885908126831
59,18,addition,E1_addition,3803,26197,4,0.576302221417427,0.5180310428142547
59,18,addition,E1_addition,3803,26197,5,0.3184106901288032,0.2487861067056656
59,18,addition,E1_addition,3803,26197,6,0.1655683122575283,0.1202686246484518
59,18,addition,E1_addition,3803,26197,8,0.0413392571732401,0.0302945636212825
59,18,addition,E1_addition,3803,26197,10,0.0106099053751677,0.0085292845033109
59,18,addition,E1_addition,3803,26197,12,0.0022406279342249,0.0021315573249012
59,18,addition,E1_addition,3803,26197,16,0.0001522346254205,9.618854310247117e-05
59,18,addition,E1_addition,3803,26197,23,0.0,0.0
59,19,addition,E1_addition,3386,17914,2,0.9910670220851898,0.966219675540924
59,19,addition,E1_addition,3386,17914,3,0.8745288670063018,0.798657888174057
59,19,addition,E1_addition,3386,17914,4,0.5625326544046402,0.4370272576808929
59,19,addition,E1_addition,3386,17914,5,0.3046069398522377,0.2093277208507061
59,19,addition,E1_addition,3386,17914,6,0.1536615177989006,0.1017622802406549
59,19,addition,E1_addition,3386,17914,8,0.0384635251015424,0.0254595788195729
59,19,addition,E1_addition,3386,17914,10,0.0089091929607093,0.0062678963178768
59,19,addition,E1_addition,3386,17914,12,0.0022375428001396,0.0014988994924351
59,19,addition,E1_addition,3386,17914,16,0.0001773811680322,6.413166192942299e-05
59,19,addition,E1_addition,3386,17914,23,0.0,0.0
59,20,addition,E1_addition,3064,26936,2,0.9520921409130096,0.9394887447357178
59,20,addition,E1_addition,3064,26936,3,0.6423139274120331,0.6591613233089447
59,20,addition,E1_addition,3064,26936,4,0.3666788935661316,0.3466106295585632
59,20,addition,E1_addition,3064,26936,5,0.1881332211196422,0.1641495086252689
59,20,addition,E1_addition,3064,26936,6,0.0944552458822727,0.0803377542644739
59,20,addition,E1_addition,3064,26936,8,0.0246125670149922,0.0199716994538903
59,20,addition,E1_addition,3064,26936,10,0.0059103440493345,0.0044798261253163
59,20,addition,E1_addition,3064,26936,12,0.0018365609459578,0.001063729415182
59,20,addition,E1_addition,3064,26936,16,7.10489803168457e-05,8.653740951558575e-05
59,20,addition,E1_addition,3064,26936,23,0.0,0.0
59,21,addition,E1_addition,4398,25602,2,0.993771743774414,0.9500307381153108
59,21,addition,E1_addition,4398,25602,3,0.73236243724823,0.6245776295661927
59,21,addition,E1_addition,4398,25602,4,0.3840495556592941,0.3114870876073837
59,21,addition,E1_addition,4398,25602,5,0.1856502324342727,0.1472034148871898
59,21,addition,E1_addition,4398,25602,6,0.0912395067512989,0.0713768307119608
59,21,addition,E1_addition,4398,25602,8,0.0222343415021896,0.0168860886245965
59,21,addition,E1_addition,4398,25602,10,0.0052240089746192,0.00392600587802
59,21,addition,E1_addition,4398,25602,12,0.001467418204993,0.0010637322760885
59,21,addition,E1_addition,4398,25602,16,7.052627188386396e-05,7.56573434046004e-05
59,21,addition,E1_addition,4398,25602,23,0.0,0.0
59,22,addition,E1_addition,2160,27840,2,0.9957593560218811,0.96686150431633
59,22,addition,E1_addition,2160,27840,3,0.7929262697696686,0.6882158786058425
59,22,addition,E1_addition,2160,27840,4,0.4786583214998245,0.3681633591651916
59,22,addition,E1_addition,2160,27840,5,0.2434362411499023,0.1819185733795166
59,22,addition,E1_addition,2160,27840,6,0.1181983023881912,0.0866480730473995
59,22,addition,E1_addition,2160,27840,8,0.0301843201741576,0.0209329650737345
59,22,addition,E1_addition,2160,27840,10,0.0065418207785114,0.0051811089040711
59,22,addition,E1_addition,2160,27840,12,0.0015085700782947,0.0012991307419724
59,22,addition,E1_addition,2160,27840,16,6.874002501717768e-05,7.786009591654874e-05
59,22,addition,E1_addition,2160,27840,23,0.0,0.0
59,23,addition,E1_addition,3408,26592,2,0.9211260676383972,0.928222405910492
59,23,addition,E1_addition,3408,26592,3,0.5918867707252502,0.6443736851215363
59,23,addition,E1_addition,3408,26592,4,0.3546831458806991,0.3343564569950104
59,23,addition,E1_addition,3408,26592,5,0.1935500614345073,0.1628520190715789
59,23,addition,E1_addition,3408,26592,6,0.0988788500428199,0.0795924253761768
59,23,addition,E1_addition,3408,26592,8,0.0242553118616342,0.0199032772332429
59,23,addition,E1_addition,3408,26592,10,0.0063306328607723,0.0048235736321657
59,23,addition,E1_addition,3408,26592,12,0.0016380867338739,0.0011136030545458
59,23,addition,E1_addition,3408,26592,16,6.723652040818706e-05,4.274250823073089e-05
59,23,addition,E1_addition,3408,26592,23,0.0,0.0
59,24,addition,E1_addition,963,29037,2,0.96644344329834,0.9806271314620972
59,24,addition,E1_addition,963,29037,3,0.7452879071235656,0.7549451291561127
59,24,addition,E1_addition,963,29037,4,0.4043528228998184,0.4221913844347
59,24,addition,E1_addition,963,29037,5,0.1951332286000252,0.2150822281837463
59,24,addition,E1_addition,963,29037,6,0.0960839055478572,0.1049416631460189
59,24,addition,E1_addition,963,29037,8,0.0231416368857026,0.0246531647630035
59,24,addition,E1_addition,963,29037,10,0.0058174720965325,0.0060409174067899
59,24,addition,E1_addition,963,29037,12,0.0015460217487998,0.001591844309587
59,24,addition,E1_addition,963,29037,16,7.999948866199702e-05,0.0001263516634935
59,24,addition,E1_addition,963,29037,23,0.0,0.0
59,26,addition,E1_addition,2042,27958,2,0.9909091174602508,0.9653781235218049
59,26,addition,E1_addition,2042,27958,3,0.8408462345600128,0.8009095013141632
59,26,addition,E1_addition,2042,27958,4,0.5361900120973587,0.4786528348922729
59,26,addition,E1_addition,2042,27958,5,0.2944855511188507,0.2385876476764679
59,26,addition,E1_addition,2042,27958,6,0.1485404841601848,0.1154761530458927
59,26,addition,E1_addition,2042,27958,8,0.0374808445572853,0.028704236075282
59,26,addition,E1_addition,2042,27958,10,0.0095577928237617,0.0070203402079641
59,26,addition,E1_addition,2042,27958,12,0.0026304740225896,0.0017270068172365
59,26,addition,E1_addition,2042,27958,16,0.0001362855386105,9.425063253729603e-05
59,26,addition,E1_addition,2042,27958,23,0.0,0.0
59,27,addition,E1_addition,5717,24283,2,0.9196855664253236,0.9114157915115356
59,27,addition,E1_addition,5717,24283,3,0.5699439346790314,0.5696082144975663
59,27,addition,E1_addition,5717,24283,4,0.3197322964668274,0.309601266682148
59,27,addition,E1_addition,5717,24283,5,0.1694144919514656,0.1507309429347515
59,27,addition,E1_addition,5717,24283,6,0.0861861363053321,0.0733462493866682
59,27,addition,E1_addition,5717,24283,8,0.0205604013986885,0.0171877143904566
59,27,addition,E1_addition,5717,24283,10,0.0050903653493151,0.0039127191994339
59,27,addition,E1_addition,5717,24283,12,0.0011471630714368,0.000840601339587
59,27,addition,E1_addition,5717,24283,16,9.395953820785509e-05,4.123900216654874e-05
59,27,addition,E1_addition,5717,24283,23,0.0,0.0
59,29,addition,E1_addition,1406,28594,2,0.9783627152442932,0.9561007559299468
59,29,addition,E1_addition,1406,28594,3,0.6961427330970764,0.6509282171726227
59,29,addition,E1_addition,1406,28594,4,0.37506904900074,0.3415139108896255
59,29,addition,E1_addition,1406,28594,5,0.183360768854618,0.166292904317379
59,29,addition,E1_addition,1406,28594,6,0.090063264966011,0.0800262093544006
59,29,addition,E1_addition,1406,28594,8,0.0214013487100601,0.0203452419489622
59,29,addition,E1_addition,1406,28594,10,0.005329680070281,0.0049812824930995
59,29,addition,E1_addition,1406,28594,12,0.0012326623662374,0.0015725945529993
59,29,addition,E1_addition,1406,28594,16,6.981867045396939e-05,8.530710110790096e-05
59,29,addition,E1_addition,1406,28594,23,0.0,0.0
59,30,addition,E1_addition,2322,27678,2,0.98772891163826,0.965693187713623
59,30,addition,E1_addition,2322,27678,3,0.8006445229053497,0.7550597012042999
59,30,addition,E1_addition,2322,27678,4,0.5003992080688476,0.4112279027700424
59,30,addition,E1_addition,2322,27678,5,0.2634372740983963,0.1951734900474548
59,30,addition,E1_addition,2322,27678,6,0.1312460891902446,0.0971230283379554
59,30,addition,E1_addition,2322,27678,8,0.031979682482779,0.0235507674515247
59,30,addition,E1_addition,2322,27678,10,0.0076476987451314,0.0052182246465235
59,30,addition,E1_addition,2322,27678,12,0.0021852211211808,0.0013541959458962
59,30,addition,E1_addition,2322,27678,16,0.000119628784887,5.14198218297679e-05
59,30,addition,E1_addition,2322,27678,23,0.0,0.0
59,31,addition,E1_addition,7228,22772,2,0.9878074049949646,0.9656179428100586
59,31,addition,E1_addition,7228,22772,3,0.800789225101471,0.6741408318281173
59,31,addition,E1_addition,7228,22772,4,0.4894303113222122,0.3751906022429466
59,31,addition,E1_addition,7228,22772,5,0.2784214459359646,0.182220920920372
59,31,addition,E1_addition,7228,22772,6,0.1476728923618793,0.0887432795017957
59,31,addition,E1_addition,7228,22772,8,0.0347268603276461,0.0218624148517847
59,31,addition,E1_addition,7228,22772,10,0.0080976142548024,0.0053624916123226
59,31,addition,E1_addition,7228,22772,12,0.001875875541009,0.0012713948264718
59,31,addition,E1_addition,7228,22772,16,0.0001598595481482,7.181863329606131e-05
59,31,addition,E1_addition,7228,22772,23,0.0,0.0
59,33,addition,E1_addition,1265,28735,2,0.9885846257209778,0.9880043029785156
59,33,addition,E1_addition,1265,28735,3,0.7339629828929901,0.7197111427783967
59,33,addition,E1_addition,1265,28735,4,0.4111213147640228,0.3969490170478821
59,33,addition,E1_addition,1265,28735,5,0.2031855136156082,0.2004657700657844
59,33,addition,E1_addition,1265,28735,6,0.0998932473361492,0.0987692404538393
59,33,addition,E1_addition,1265,28735,8,0.0241085078567266,0.0225201066583395
59,33,addition,E1_addition,1265,28735,10,0.0062417686916887,0.006055128481239
59,33,addition,E1_addition,1265,28735,12,0.0021255176747217,0.0017584613407962
59,33,addition,E1_addition,1265,28735,16,7.206557493191212e-05,2.824442126438953e-05
59,33,addition,E1_addition,1265,28735,23,0.0,0.0
59,34,addition,E1_addition,4492,25508,2,0.998453050851822,0.974545282125473
59,34,addition,E1_addition,4492,25508,3,0.8341138601303101,0.7591807842254639
59,34,addition,E1_addition,4492,25508,4,0.5139548152685165,0.4634745985269546
59,34,addition,E1_addition,4492,25508,5,0.2892923310399055,0.2355724886059761
59,34,addition,E1_addition,4492,25508,6,0.1614245630800724,0.1134466253221035
59,34,addition,E1_addition,4492,25508,8,0.0442476464435458,0.0275802507996559
59,34,addition,E1_addition,4492,25508,10,0.0097676694625988,0.0063007330987602
59,34,addition,E1_addition,4492,25508,12,0.0024400162859819,0.0013368413900025
59,34,addition,E1_addition,4492,25508,16,0.0001883509110484,8.32560115668457e-05
59,34,addition,E1_addition,4492,25508,23,0.0,0.0
59,35,addition,E1_addition,1223,28777,2,0.9773391783237456,0.9738563299179076
59,35,addition,E1_addition,1223,28777,3,0.7359025955200196,0.7687373578548431
59,35,addition,E1_addition,1223,28777,4,0.4079101800918579,0.436722782254219
59,35,addition,E1_addition,1223,28777,5,0.2062839642167091,0.2220348581671714
59,35,addition,E1_addition,1223,28777,6,0.1020154349505901,0.1112207561731338
59,35,addition,E1_addition,1223,28777,8,0.0234000591561198,0.0262577498331666
59,35,addition,E1_addition,1223,28777,10,0.0058610667008906,0.0065744088497012
59,35,addition,E1_addition,1223,28777,12,0.0016250819084234,0.002243494434515
59,35,addition,E1_addition,1223,28777,16,7.691252903896384e-05,5.419778754003346e-05
59,35,addition,E1_addition,1223,28777,23,0.0,0.0
59,36,addition,E1_addition,3760,26240,2,0.987283420562744,0.983571082353592
59,36,addition,E1_addition,3760,26240,3,0.7882865846157074,0.7530304372310639
59,36,addition,E1_addition,3760,26240,4,0.4726605504751205,0.4134574264287948
59,36,addition,E1_addition,3760,26240,5,0.2542609110474586,0.2097169145941734
59,36,addition,E1_addition,3760,26240,6,0.1242781072854995,0.1050878528505563
59,36,addition,E1_addition,3760,26240,8,0.0288066036999225,0.0256405794993042
59,36,addition,E1_addition,3760,26240,10,0.0068115809466689,0.0066373598761856
59,36,addition,E1_addition,3760,26240,12,0.0015902098384685,0.0013091338099911
59,36,addition,E1_addition,3760,26240,16,7.746148985461332e-05,6.792622225475498e-05
59,36,addition,E1_addition,3760,26240,23,0.0,0.0
59,37,addition,E1_addition,2067,27933,2,0.9946825385093688,0.9739673912525176
59,37,addition,E1_addition,2067,27933,3,0.7634175598621369,0.6784860104322433
59,37,addition,E1_addition,2067,27933,4,0.4342959880828857,0.3513567253947258
59,37,addition,E1_addition,2067,27933,5,0.2183060482144355,0.1687055513262748
59,37,addition,E1_addition,2067,27933,6,0.107370138913393,0.0819712944328785
59,37,addition,E1_addition,2067,27933,8,0.0267330585047602,0.0206335246562957
59,37,addition,E1_addition,2067,27933,10,0.0063026293879374,0.0051941573154181
59,37,addition,E1_addition,2067,27933,12,0.0013057941338047,0.0012643234513234
59,37,addition,E1_addition,2067,27933,16,8.548501646146178e-05,4.351215975475498e-05
59,37,addition,E1_addition,2067,27933,23,0.0,0.0
59,38,addition,E1_addition,8400,21600,2,0.993580973148346,0.981687206029892
59,38,addition,E1_addition,8400,21600,3,0.8958117067813873,0.7792936384677887
59,38,addition,E1_addition,8400,21600,4,0.621276068687439,0.4383280485868454
59,38,addition,E1_addition,8400,21600,5,0.3744418025016784,0.2062096014618873
59,38,addition,E1_addition,8400,21600,6,0.2071807235479354,0.1011862382292747
59,38,addition,E1_addition,8400,21600,8,0.0550607699900865,0.025522013194859
59,38,addition,E1_addition,8400,21600,10,0.0135690003633499,0.0065513654146343
59,38,addition,E1_addition,8400,21600,12,0.0030021985643543,0.0015042374143376
59,38,addition,E1_addition,8400,21600,16,0.0001137652376201,8.940367843024433e-05
59,38,addition,E1_addition,8400,21600,23,0.0,0.0
59,39,addition,E1_addition,5557,24443,2,0.9982593476772308,0.9861458599567412
59,39,addition,E1_addition,5557,24443,3,0.8446026384830475,0.7553587257862091
59,39,addition,E1_addition,5557,24443,4,0.4969583451747894,0.4571827352046966
59,39,addition,E1_addition,5557,24443,5,0.2672101065516472,0.2324246734380722
59,39,addition,E1_addition,5557,24443,6,0.1404340870678425,0.1126151338219642
59,39,addition,E1_addition,5557,24443,8,0.0354006757959723,0.0277489140629768
59,39,addition,E1_addition,5557,24443,10,0.0083274066448211,0.0060372724197804
59,39,addition,E1_addition,5557,24443,12,0.0023706161766313,0.0012930630240589
59,39,addition,E1_addition,5557,24443,16,9.92492503428366e-05,6.874002501717768e-05
59,39,addition,E1_addition,5557,24443,23,0.0,0.0
97,0,addition,E1_addition,1842,28158,2,0.9982418239116668,0.972657698392868
97,0,addition,E1_addition,1842,28158,3,0.7753670573234558,0.7802585959434509
97,0,addition,E1_addition,1842,28158,4,0.493206986784935,0.4692618489265442
97,0,addition,E1_addition,1842,28158,5,0.2699776425957679,0.2309208273887634
97,0,addition,E1_addition,1842,28158,6,0.1363873124122619,0.1150979824364185
97,0,addition,E1_addition,1842,28158,8,0.0342605266720056,0.0284483760595321
97,0,addition,E1_addition,1842,28158,10,0.0080368417315185,0.0069334534928202
97,0,addition,E1_addition,1842,28158,12,0.0024000701960176,0.0015514040831476
97,0,addition,E1_addition,1842,28158,16,7.709701676503756e-05,9.243561216862871e-05
97,0,addition,E1_addition,1842,28158,23,0.0,0.0
97,1,addition,E1_addition,3048,26952,2,0.9684594869613647,0.9705548644065856
97,1,addition,E1_addition,3048,26952,3,0.8221596002578735,0.804763275384903
97,1,addition,E1_addition,3048,26952,4,0.5684439361095428,0.4586637854576111
97,1,addition,E1_addition,3048,26952,5,0.3344394981861114,0.2210740372538566
97,1,addition,E1_addition,3048,26952,6,0.1777616627514362,0.1089947395026683
97,1,addition,E1_addition,3048,26952,8,0.0454904038459062,0.0258609820157289
97,1,addition,E1_addition,3048,26952,10,0.0112756420392543,0.0062763620400801
97,1,addition,E1_addition,3048,26952,12,0.0031334553612396,0.0018918897374533
97,1,addition,E1_addition,3048,26952,16,0.0001706474846287,9.88795749435667e-05
97,1,addition,E1_addition,3048,26952,23,0.0,0.0
97,2,addition,E1_addition,962,29038,2,0.9538861989974976,0.951905357837677
97,2,addition,E1_addition,962,29038,3,0.7943392992019653,0.789940744638443
97,2,addition,E1_addition,962,29038,4,0.4990871399641037,0.535591897368431
97,2,addition,E1_addition,962,29038,5,0.2646150723099708,0.2824276924133301
97,2,addition,E1_addition,962,29038,6,0.1328887984156608,0.1390991814434528
97,2,addition,E1_addition,962,29038,8,0.0330047091469168,0.0347236642614007
97,2,addition,E1_addition,962,29038,10,0.0079391689039766,0.0091253868769854
97,2,addition,E1_addition,962,29038,12,0.0020227892906405,0.0020997259765863
97,2,addition,E1_addition,962,29038,16,0.0001007658960588,0.0003805031359661
97,2,addition,E1_addition,962,29038,23,0.0,0.0
97,3,addition,E1_addition,2880,27120,2,0.9661831378936768,0.9643092513084413
97,3,addition,E1_addition,2880,27120,3,0.7926845967769622,0.7761164963245392
97,3,addition,E1_addition,2880,27120,4,0.5089585036039352,0.39687360227108
97,3,addition,E1_addition,2880,27120,5,0.2791634425520897,0.1899648696184158
97,3,addition,E1_addition,2880,27120,6,0.1385200895369052,0.0911251589655876
97,3,addition,E1_addition,2880,27120,8,0.0331999159418046,0.0229417271912097
97,3,addition,E1_addition,2880,27120,10,0.0080055601894855,0.0055528256343677
97,3,addition,E1_addition,2880,27120,12,0.0019739777781069,0.0015257452614605
97,3,addition,E1_addition,2880,27120,16,0.0001188181806355,0.0001155222482339
97,3,addition,E1_addition,2880,27120,23,0.0,0.0
97,4,addition,E1_addition,3573,26427,2,0.9993445813655852,0.9591485142707824
97,4,addition,E1_addition,3573,26427,3,0.9158952295780182,0.6910900890827179
97,4,addition,E1_addition,3573,26427,4,0.6253447890281677,0.3739251509308815
97,4,addition,E1_addition,3573,26427,5,0.362191304564476,0.186869054287672
97,4,addition,E1_addition,3573,26427,6,0.1960438355803489,0.0894255738705396
97,4,addition,E1_addition,3573,26427,8,0.0481167275458574,0.0219377674162387
97,4,addition,E1_addition,3573,26427,10,0.0126866315491497,0.005708308215253
97,4,addition,E1_addition,3573,26427,12,0.0029650775948539,0.0014170929265674
97,4,addition,E1_addition,3573,26427,16,0.0001155978628958,7.667438403586857e-05
97,4,addition,E1_addition,3573,26427,23,0.0,0.0
97,5,addition,E1_addition,1331,28669,2,0.9941564202308656,0.9692355215549469
97,5,addition,E1_addition,1331,28669,3,0.7827060937881469,0.7339503645896912
97,5,addition,E1_addition,1331,28669,4,0.4549133718013763,0.3912279844284058
97,5,addition,E1_addition,1331,28669,5,0.2270326942205429,0.1856017380952835
97,5,addition,E1_addition,1331,28669,6,0.1116212852299213,0.0917823478579521
97,5,addition,E1_addition,1331,28669,8,0.028253211826086,0.0226998686790466
97,5,addition,E1_addition,1331,28669,10,0.0070420288480818,0.0057042286731302
97,5,addition,E1_addition,1331,28669,12,0.0016000543138943,0.0012249286693986
97,5,addition,E1_addition,1331,28669,16,0.0001018580980598,7.667438330827281e-05
97,5,addition,E1_addition,1331,28669,23,0.0,0.0
97,6,addition,E1_addition,1470,22380,2,0.999337375164032,0.9786154091358183
97,6,addition,E1_addition,1470,22380,3,0.8150997936725617,0.8094116926193238
97,6,addition,E1_addition,1470,22380,4,0.4809891194105148,0.4798847109079361
97,6,addition,E1_addition,1470,22380,5,0.2543642878532409,0.2379116706550121
97,6,addition,E1_addition,1470,22380,6,0.1255289200693368,0.1151394434273243
97,6,addition,E1_addition,1470,22380,8,0.0306961183436214,0.0284605343826115
97,6,addition,E1_addition,1470,22380,10,0.0073958534747362,0.0064412293955683
97,6,addition,E1_addition,1470,22380,12,0.0016464321292005,0.0016736288904212
97,6,addition,E1_addition,1470,22380,16,9.806353627936916e-05,9.922002354869618e-05
97,6,addition,E1_addition,1470,22380,23,0.0,0.0
97,7,addition,E1_addition,764,29236,2,0.9979153633117676,0.9978415846824646
97,7,addition,E1_addition,764,29236,3,0.7111600041389465,0.769658374786377
97,7,addition,E1_addition,764,29236,4,0.380409374833107,0.4328891426324844
97,7,addition,E1_addition,764,29236,5,0.1875401690602302,0.2074831187725067
97,7,addition,E1_addition,764,29236,6,0.0929532833397388,0.1007009580731392
97,7,addition,E1_addition,764,29236,8,0.0209288807585835,0.0237591611221432
97,7,addition,E1_addition,764,29236,10,0.0061138400807976,0.0058041711803525
97,7,addition,E1_addition,764,29236,12,0.0016685703594703,0.0019929351634345
97,7,addition,E1_addition,764,29236,16,6.06483212322928e-05,9.473323807469568e-05
97,7,addition,E1_addition,764,29236,23,0.0,0.0
97,8,addition,E1_addition,1059,28941,2,0.981489497423172,0.980287915468216
97,8,addition,E1_addition,1059,28941,3,0.7673572838306427,0.7684399664402009
97,8,addition,E1_addition,1059,28941,4,0.4900390028953552,0.446268567442894
97,8,addition,E1_addition,1059,28941,5,0.2548167511820793,0.2163320884108543
97,8,addition,E1_addition,1059,28941,6,0.1274938210844993,0.1056838877499103
97,8,addition,E1_addition,1059,28941,8,0.0297542297281324,0.0255559561774134
97,8,addition,E1_addition,1059,28941,10,0.007603542972356,0.0059353815391659
97,8,addition,E1_addition,1059,28941,12,0.0017223371425643,0.0014907977427355
97,8,addition,E1_addition,1059,28941,16,9.585466468706728e-05,8.74356243002694e-05
97,8,addition,E1_addition,1059,28941,23,0.0,0.0
97,9,addition,E1_addition,3528,26472,2,0.9972543120384216,0.9763976454734802
97,9,addition,E1_addition,3528,26472,3,0.8035108208656311,0.7994874358177185
97,9,addition,E1_addition,3528,26472,4,0.4771197110414505,0.4788418471813201
97,9,addition,E1_addition,3528,26472,5,0.2690619140863418,0.2457821875810623
97,9,addition,E1_addition,3528,26472,6,0.1390666268765926,0.1193240091204643
97,9,addition,E1_addition,3528,26472,8,0.0352597011253237,0.0301885185763239
97,9,addition,E1_addition,3528,26472,10,0.0088610783452168,0.0074688128195703
97,9,addition,E1_addition,3528,26472,12,0.002149401709903,0.0017118225805461
97,9,addition,E1_addition,3528,26472,16,0.0001184068773,0.0001198281963297
97,9,addition,E1_addition,3528,26472,23,0.0,0.0
97,10,addition,E1_addition,533,19717,2,0.9991865873336792,0.9926646113395692
97,10,addition,E1_addition,533,19717,3,0.8104463636875152,0.8130082488059998
97,10,addition,E1_addition,533,19717,4,0.4245538026094436,0.4581049844622612
97,10,addition,E1_addition,533,19717,5,0.2048974156379699,0.2198269061744213
97,10,addition,E1_addition,533,19717,6,0.0984932873398065,0.1055079292505979
97,10,addition,E1_addition,533,19717,8,0.0245534471236169,0.0268282683566212
97,10,addition,E1_addition,533,19717,10,0.0059641704428941,0.0075434369966387
97,10,addition,E1_addition,533,19717,12,0.0015155456960201,0.0023507238831371
97,10,addition,E1_addition,533,19717,16,7.632736524101346e-05,0.0001092247555789
97,10,addition,E1_addition,533,19717,23,0.0,0.0
97,11,addition,E1_addition,565,29435,2,0.9985860288143158,0.981234359741211
97,11,addition,E1_addition,565,29435,3,0.803167599439621,0.81953364610672
97,11,addition,E1_addition,565,29435,4,0.4561336725950241,0.4773719817399978
97,11,addition,E1_addition,565,29435,5,0.2266605287790298,0.2322316735982895
97,11,addition,E1_addition,565,29435,6,0.1114794217050075,0.1115851312875747
97,11,addition,E1_addition,565,29435,8,0.0256703987717628,0.0277688268572092
97,11,addition,E1_addition,565,29435,10,0.0059177734656259,0.0068488117773085
97,11,addition,E1_addition,565,29435,12,0.0013243543740827,0.0013678968301974
97,11,addition,E1_addition,565,29435,16,7.481728825950996e-05,6.642271691816858e-05
97,11,addition,E1_addition,565,29435,23,0.0,0.0
97,12,addition,E1_addition,1934,28066,2,0.994991910457611,0.9790973484516144
97,12,addition,E1_addition,1934,28066,3,0.7544309258460998,0.7413055896759033
97,12,addition,E1_addition,1934,28066,4,0.4521813541650772,0.4284373819828033
97,12,addition,E1_addition,1934,28066,5,0.2433567181229591,0.2110491499304771
97,12,addition,E1_addition,1934,28066,6,0.1266752615571022,0.1060155507177114
97,12,addition,E1_addition,1934,28066,8,0.0311447178944945,0.0248932338319718
97,12,addition,E1_addition,1934,28066,10,0.0074427877087146,0.0063788528786972
97,12,addition,E1_addition,1934,28066,12,0.0018075261381454,0.0018543767393566
97,12,addition,E1_addition,1934,28066,16,0.0001209561953146,8.43814887048211e-05
97,12,addition,E1_addition,1934,28066,23,0.0,0.0
97,13,addition,E1_addition,901,29099,2,0.9972986876964568,0.970874834060669
97,13,addition,E1_addition,901,29099,3,0.7945700407028198,0.7419520199298859
97,13,addition,E1_addition,901,29099,4,0.4485586822032928,0.3987322345376015
97,13,addition,E1_addition,901,29099,5,0.22345901876688,0.1937409251928329
97,13,addition,E1_addition,901,29099,6,0.1087924532592296,0.0961504697799682
97,13,addition,E1_addition,901,29099,8,0.0267012828961014,0.0234670751728117
97,13,addition,E1_addition,901,29099,10,0.0068855619523674,0.0062775524100288
97,13,addition,E1_addition,901,29099,12,0.001599888515193,0.001356451032916
97,13,addition,E1_addition,901,29099,16,9.957361326087266e-05,0.0001091652258764
97,13,addition,E1_addition,901,29099,23,0.0,0.0
97,14,addition,E1_addition,1605,28395,2,0.9983116388320924,0.9624522864818572
97,14,addition,E1_addition,1605,28395,3,0.8308021903038025,0.776828509569168
97,14,addition,E1_addition,1605,28395,4,0.5018952935934067,0.4363158553838729
97,14,addition,E1_addition,1605,28395,5,0.2469905897974968,0.2094173967838287
97,14,addition,E1_addition,1605,28395,6,0.121045533567667,0.1015932850539684
97,14,addition,E1_addition,1605,28395,8,0.0300845665857195,0.0256938001140952
97,14,addition,E1_addition,1605,28395,10,0.0074956090655177,0.0057890127412974
97,14,addition,E1_addition,1605,28395,12,0.0018984092981554,0.0014372396341059
97,14,addition,E1_addition,1605,28395,16,9.234685567207634e-05,0.0001083020601072
97,14,addition,E1_addition,1605,28395,23,0.0,0.0
97,15,addition,E1_addition,2430,27570,2,0.9747555553913116,0.9375825107097626
97,15,addition,E1_addition,2430,27570,3,0.7293718814849853,0.6325635492801667
97,15,addition,E1_addition,2430,27570,4,0.4342105001211166,0.3185241639614105
97,15,addition,E1_addition,2430,27570,5,0.2193514227867126,0.1569984912872314
97,15,addition,E1_addition,2430,27570,6,0.1055832974612712,0.077065822482109
97,15,addition,E1_addition,2430,27570,8,0.0269768750295043,0.0191489176824688
97,15,addition,E1_addition,2430,27570,10,0.0060668907593935,0.0048719488549977
97,15,addition,E1_addition,2430,27570,12,0.0016335033578798,0.0009402182418853
97,15,addition,E1_addition,2430,27570,16,0.0001046718702127,5.6072780716931446e-05
97,15,addition,E1_addition,2430,27570,23,0.0,0.0
97,16,addition,E1_addition,963,29037,2,0.99676992893219,0.965285974740982
97,16,addition,E1_addition,963,29037,3,0.8314067125320435,0.8040085315704346
97,16,addition,E1_addition,963,29037,4,0.5271555781364441,0.4995347887277603
97,16,addition,E1_addition,963,29037,5,0.2819348931312561,0.2585135534405708
97,16,addition,E1_addition,963,29037,6,0.1449394956231117,0.1265686325728893
97,16,addition,E1_addition,963,29037,8,0.036647286452353,0.0317019129171967
97,16,addition,E1_addition,963,29037,10,0.0090122899971902,0.0079460402717813
97,16,addition,E1_addition,963,29037,12,0.0022506057284772,0.0027164265688043
97,16,addition,E1_addition,963,29037,16,0.0001267192637897,0.0003533753835654
97,16,addition,E1_addition,963,29037,23,0.0,0.0
97,17,addition,E1_addition,4208,25792,2,0.9937699437141418,0.971129423379898
97,17,addition,E1_addition,4208,25792,3,0.8519081592559814,0.8060524582862854
97,17,addition,E1_addition,4208,25792,4,0.5724278301000595,0.4766767650842666
97,17,addition,E1_addition,4208,25792,5,0.3372930809855461,0.2395266517996788
97,17,addition,E1_addition,4208,25792,6,0.1747872956097126,0.1163419649004936
97,17,addition,E1_addition,4208,25792,8,0.0428591523319482,0.0285476151853799
97,17,addition,E1_addition,4208,25792,10,0.0104037615470588,0.0069798240438103
97,17,addition,E1_addition,4208,25792,12,0.00255638101371,0.0015530788805335
97,17,addition,E1_addition,4208,25792,16,0.0001393489284964,6.0801363724749534e-05
97,17,addition,E1_addition,4208,25792,23,0.0,0.0
97,18,addition,E1_addition,1386,28614,2,0.997286069393158,0.996741670370102
97,18,addition,E1_addition,1386,28614,3,0.759870833158493,0.7226868510246277
97,18,addition,E1_addition,1386,28614,4,0.4380034208297729,0.3929849907755852
97,18,addition,E1_addition,1386,28614,5,0.2264532908797264,0.1903476618230342
97,18,addition,E1_addition,1386,28614,6,0.1095916830003261,0.0946191065013408
97,18,addition,E1_addition,1386,28614,8,0.0267146199941635,0.0241824581287801
97,18,addition,E1_addition,1386,28614,10,0.0070727485697716,0.0062593521783128
97,18,addition,E1_addition,1386,28614,12,0.0017838940839283,0.0018093757389578
97,18,addition,E1_addition,1386,28614,16,6.259235888137483e-05,0.0001125437243899
97,18,addition,E1_addition,1386,28614,23,0.0,0.0
97,19,addition,E1_addition,1573,28427,2,0.9949662148952484,0.9687328577041626
97,19,addition,E1_addition,1573,28427,3,0.7907045722007752,0.774442708492279
97,19,addition,E1_addition,1573,28427,4,0.452882781624794,0.4531299322843551
97,19,addition,E1_addition,1573,28427,5,0.231506235897541,0.2193083196878433
97,19,addition,E1_addition,1573,28427,6,0.1147093936800956,0.1080288756638765
97,19,addition,E1_addition,1573,28427,8,0.0284215295687317,0.0275572028011083
97,19,addition,E1_addition,1573,28427,10,0.008032995974645,0.0069604902528226
97,19,addition,E1_addition,1573,28427,12,0.0020107540884055,0.0017098804819397
97,19,addition,E1_addition,1573,28427,16,9.532537806080654e-05,0.0003652353960205
97,19,addition,E1_addition,1573,28427,23,0.0,0.0
97,20,addition,E1_addition,885,29115,2,0.9961431145668028,0.9681044340133668
97,20,addition,E1_addition,885,29115,3,0.7837701737880707,0.7782582819461823
97,20,addition,E1_addition,885,29115,4,0.4507263004779815,0.4401948720216751
97,20,addition,E1_addition,885,29115,5,0.2284100979566574,0.2174459636211395
97,20,addition,E1_addition,885,29115,6,0.1121376208961009,0.107490599900484
97,20,addition,E1_addition,885,29115,8,0.027862668223679,0.0259890181943774
97,20,addition,E1_addition,885,29115,10,0.0079377121757715,0.0063254022970795
97,20,addition,E1_addition,885,29115,12,0.0016008978709578,0.0013500505476258
97,20,addition,E1_addition,885,29115,16,0.0001088021228497,5.72584947803989e-05
97,20,addition,E1_addition,885,29115,23,0.0,0.0
97,21,addition,E1_addition,1038,28962,2,0.9995497286319732,0.9871640026569366
97,21,addition,E1_addition,1038,28962,3,0.809543663263321,0.8172638952732086
97,21,addition,E1_addition,1038,28962,4,0.4688064813613891,0.4990314185619354
97,21,addition,E1_addition,1038,28962,5,0.2326807260513305,0.2477665364742279
97,21,addition,E1_addition,1038,28962,6,0.1161558181047439,0.1225820034742355
97,21,addition,E1_addition,1038,28962,8,0.0303694123402237,0.030276464484632
97,21,addition,E1_addition,1038,28962,10,0.007436479255557,0.0076427936088293
97,21,addition,E1_addition,1038,28962,12,0.0015246865455992,0.0015949348802678
97,21,addition,E1_addition,1038,28962,16,9.124808493652382e-05,8.549158737878316e-05
97,21,addition,E1_addition,1038,28962,23,0.0,0.0
97,22,addition,E1_addition,2433,27567,2,0.997017866373062,0.9588159918785096
97,22,addition,E1_addition,2433,27567,3,0.8033737957477569,0.780853658914566
97,22,addition,E1_addition,2433,27567,4,0.5200644254684448,0.4362407267093658
97,22,addition,E1_addition,2433,27567,5,0.2845242828130722,0.2132515057921409
97,22,addition,E1_addition,2433,27567,6,0.1448340371251106,0.1057725101709365
97,22,addition,E1_addition,2433,27567,8,0.0354212557896971,0.0253125978633761
97,22,addition,E1_addition,2433,27567,10,0.0087100111413747,0.0064982503652572
97,22,addition,E1_addition,2433,27567,12,0.0021079010562971,0.00155238523148
97,22,addition,E1_addition,2433,27567,16,0.0001019516093947,7.751964876661077e-05
97,22,addition,E1_addition,2433,27567,23,0.0,0.0
97,23,addition,E1_addition,1110,28890,2,0.9947028875350952,0.9886059284210204
97,23,addition,E1_addition,1110,28890,3,0.8140946924686432,0.7597471058368683
97,23,addition,E1_addition,1110,28890,4,0.4812059819698334,0.4084559351205826
97,23,addition,E1_addition,1110,28890,5,0.2480548068881035,0.2026049017906189
97,23,addition,E1_addition,1110,28890,6,0.1216547086834907,0.0979523807764053
97,23,addition,E1_addition,1110,28890,8,0.0300648290663957,0.0233257027342915
97,23,addition,E1_addition,1110,28890,10,0.0069287067977711,0.0058480317005887
97,23,addition,E1_addition,1110,28890,12,0.0018141834181733,0.0012619081244338
97,23,addition,E1_addition,1110,28890,16,0.0001033860731695,5.7164981262758376e-05
97,23,addition,E1_addition,1110,28890,23,0.0,0.0
97,24,addition,E1_addition,1296,28704,2,0.9336668193340302,0.9368310689926148
97,24,addition,E1_addition,1296,28704,3,0.6332688808441163,0.6525216221809387
97,24,addition,E1_addition,1296,28704,4,0.3480235278606415,0.3351736485958099
97,24,addition,E1_addition,1296,28704,5,0.1759012103080749,0.1620281428098678
97,24,addition,E1_addition,1296,28704,6,0.0858348928391933,0.0811788752675056
97,24,addition,E1_addition,1296,28704,8,0.0206470668315887,0.0200953206047415
97,24,addition,E1_addition,1296,28704,10,0.0058840142562985,0.0043726382544264
97,24,addition,E1_addition,1296,28704,12,0.0015970729291439,0.0010503821540623
97,24,addition,E1_addition,1296,28704,16,0.0001145717622421,6.981254409765825e-05
97,24,addition,E1_addition,1296,28704,23,0.0,0.0
97,25,addition,E1_addition,3299,26701,2,0.97922523021698,0.971990567445755
97,25,addition,E1_addition,3299,26701,3,0.8275741398334503,0.8102019667625427
97,25,addition,E1_addition,3299,26701,4,0.5371592432260514,0.4749444633722305
97,25,addition,E1_addition,3299,26701,5,0.2988503277301788,0.2340552523732185
97,25,addition,E1_addition,3299,26701,6,0.1544903248548507,0.1171458765864372
97,25,addition,E1_addition,3299,26701,8,0.0388019975274801,0.0272438719868659
97,25,addition,E1_addition,3299,26701,10,0.0104738906491547,0.0065975257894024
97,25,addition,E1_addition,3299,26701,12,0.002759485761635,0.0015651003923267
97,25,addition,E1_addition,3299,26701,16,0.0003730539123353,7.846062144380994e-05
97,25,addition,E1_addition,3299,26701,23,0.0,0.0
97,26,addition,E1_addition,1956,28044,2,0.9957432270050048,0.9796660959720612
97,26,addition,E1_addition,1956,28044,3,0.8102588653564453,0.7717636972665787
97,26,addition,E1_addition,1956,28044,4,0.4949504345655441,0.4315141543745994
97,26,addition,E1_addition,1956,28044,5,0.2689640529453754,0.2058976754546165
97,26,addition,E1_addition,1956,28044,6,0.1369529675692319,0.1015066120773553
97,26,addition,E1_addition,1956,28044,8,0.0351040933281183,0.0254683424718678
97,26,addition,E1_addition,1956,28044,10,0.0081301467260345,0.0062780910637229
97,26,addition,E1_addition,1956,28044,12,0.0019357589771971,0.001552150119096
97,26,addition,E1_addition,1956,28044,16,8.931537522585131e-05,9.617721443646588e-05
97,26,addition,E1_addition,1956,28044,23,0.0,0.0
97,27,addition,E1_addition,2852,27148,2,0.9961626291275024,0.9694550156593322
97,27,addition,E1_addition,2852,27148,3,0.7780572414398194,0.7594939708709717
97,27,addition,E1_addition,2852,27148,4,0.5118697702884674,0.4570025414228439
97,27,addition,E1_addition,2852,27148,5,0.2847975715994835,0.2244186475872993
97,27,addition,E1_addition,2852,27148,6,0.1448487982153892,0.1115335792303085
97,27,addition,E1_addition,2852,27148,8,0.0360782096162438,0.0274161731824278
97,27,addition,E1_addition,2852,27148,10,0.0083032418508082,0.0065991891082376
97,27,addition,E1_addition,2852,27148,12,0.0021900566527619,0.0014119897910859
97,27,addition,E1_addition,2852,27148,16,0.0001203395855554,0.0001261899764358
97,27,addition,E1_addition,2852,27148,23,0.0,0.0
97,28,addition,E1_addition,695,29305,2,0.9881733417510986,0.9465906977653504
97,28,addition,E1_addition,695,29305,3,0.6782050848007202,0.6141731411218643
97,28,addition,E1_addition,695,29305,4,0.3327528446912765,0.3023263797163963
97,28,addition,E1_addition,695,29305,5,0.1616121031343937,0.143975393474102
97,28,addition,E1_addition,695,29305,6,0.0782720252871513,0.0713803712278604
97,28,addition,E1_addition,695,29305,8,0.0185695696622133,0.0172957800794392
97,28,addition,E1_addition,695,29305,10,0.0043370952946133,0.0040011469624005
97,28,addition,E1_addition,695,29305,12,0.0010378752689575,0.0009161136098555
97,28,addition,E1_addition,695,29305,16,8.040465982048773e-05,3.357828536536545e-05
97,28,addition,E1_addition,695,29305,23,0.0,0.0
97,29,addition,E1_addition,1309,21941,2,0.9983466982841492,0.9665183782577514
97,29,addition,E1_addition,1309,21941,3,0.8099253952503205,0.8075392305850982
97,29,addition,E1_addition,1309,21941,4,0.5144607067108155,0.4749039307236671
97,29,addition,E1_addition,1309,21941,5,0.2773755230009556,0.2348915092647075
97,29,addition,E1_addition,1309,21941,6,0.1420263849198818,0.1167265601456165
97,29,addition,E1_addition,1309,21941,8,0.0354896232485771,0.0300419759005308
97,29,addition,E1_addition,1309,21941,10,0.0089178051333874,0.0073705842718482
97,29,addition,E1_addition,1309,21941,12,0.0019862994784489,0.0019392055575735
97,29,addition,E1_addition,1309,21941,16,0.0001397668027493,0.00011289074464
97,29,addition,E1_addition,1309,21941,23,0.0,0.0
97,30,addition,E1_addition,2698,27302,2,0.9893066048622132,0.97723485827446
97,30,addition,E1_addition,2698,27302,3,0.8113171696662903,0.7498666107654571
97,30,addition,E1_addition,2698,27302,4,0.5061429351568222,0.4237045377492904
97,30,addition,E1_addition,2698,27302,5,0.2846378475427628,0.2154509365558624
97,30,addition,E1_addition,2698,27302,6,0.146686115860939,0.103908209502697
97,30,addition,E1_addition,2698,27302,8,0.0381571812555193,0.0261381987482309
97,30,addition,E1_addition,2698,27302,10,0.0101506419014185,0.0060071184299886
97,30,addition,E1_addition,2698,27302,12,0.002959374024067,0.0014590774546377
97,30,addition,E1_addition,2698,27302,16,0.0001276419556234,4.231987550156191e-05
97,30,addition,E1_addition,2698,27302,23,0.0,0.0
97,31,addition,E1_addition,2587,27413,2,0.9989493012428284,0.9875257670879364
97,31,addition,E1_addition,2587,27413,3,0.8010432839393615,0.7980946063995361
97,31,addition,E1_addition,2587,27413,4,0.5208330899477005,0.4626228988170623
97,31,addition,E1_addition,2587,27413,5,0.2807806387543678,0.2275130838155746
97,31,addition,E1_addition,2587,27413,6,0.1412202902138233,0.1100943073630333
97,31,addition,E1_addition,2587,27413,8,0.0356499360874295,0.0261895388364791
97,31,addition,E1_addition,2587,27413,10,0.009096951643005,0.0062194124329835
97,31,addition,E1_addition,2587,27413,12,0.0025888751959428,0.0014915236039087
97,31,addition,E1_addition,2587,27413,16,0.0001741969266731,9.694686596048996e-05
97,31,addition,E1_addition,2587,27413,23,0.0,0.0
97,32,addition,E1_addition,1830,28170,2,0.9986166775226591,0.9661267161369324
97,32,addition,E1_addition,1830,28170,3,0.8263847649097442,0.7962769508361817
97,32,addition,E1_addition,1830,28170,4,0.4901364594697952,0.464486014842987
97,32,addition,E1_addition,1830,28170,5,0.2475546881556511,0.23048125654459
97,32,addition,E1_addition,1830,28170,6,0.1219247318804264,0.1136701047420501
97,32,addition,E1_addition,1830,28170,8,0.0303691575303673,0.0286180764436721
97,32,addition,E1_addition,1830,28170,10,0.0074239304289221,0.0073896461632102
97,32,addition,E1_addition,1830,28170,12,0.0019319820683449,0.0017100879864301
97,32,addition,E1_addition,1830,28170,16,0.0001111045050492,6.94655260303989e-05
97,32,addition,E1_addition,1830,28170,23,0.0,0.0
97,33,addition,E1_addition,783,21617,2,0.9981483042240142,0.9859397649765016
97,33,addition,E1_addition,783,21617,3,0.8405650675296783,0.8157095491886139
97,33,addition,E1_addition,783,21617,4,0.4829996854066848,0.4535684794187545
97,33,addition,E1_addition,783,21617,5,0.2397580221295356,0.2104326479136943
97,33,addition,E1_addition,783,21617,6,0.1184959381818771,0.1022139620035886
97,33,addition,E1_addition,783,21617,8,0.0290335051715374,0.023636509804055
97,33,addition,E1_addition,783,21617,10,0.0072943480219691,0.0057209915947169
97,33,addition,E1_addition,783,21617,12,0.0015824242844246,0.0012351248180493
97,33,addition,E1_addition,783,21617,16,9.083678014576436e-05,0.0001262900608708
97,33,addition,E1_addition,783,21617,23,0.0,0.0
97,34,addition,E1_addition,2940,27060,2,0.97949697971344,0.972142368555069
97,34,addition,E1_addition,2940,27060,3,0.8387645840644836,0.8223316550254822
97,34,addition,E1_addition,2940,27060,4,0.5692688137292862,0.4937078207731247
97,34,addition,E1_addition,2940,27060,5,0.3246656641364097,0.2438428446650505
97,34,addition,E1_addition,2940,27060,6,0.1731836527585983,0.116290944814682
97,34,addition,E1_addition,2940,27060,8,0.0424442308023571,0.0278971808031201
97,34,addition,E1_addition,2940,27060,10,0.0097691759932786,0.0067364051938056
97,34,addition,E1_addition,2940,27060,12,0.0025383873376995,0.0019729263265617
97,34,addition,E1_addition,2940,27060,16,0.0001347847137367,0.0001245816303708
97,34,addition,E1_addition,2940,27060,23,0.0,0.0
97,35,addition,E1_addition,1725,18975,2,0.9987227916717528,0.9890563547611236
97,35,addition,E1_addition,1725,18975,3,0.8394136548042297,0.8458251178264617
97,35,addition,E1_addition,1725,18975,4,0.5700443506240844,0.5340276777744293
97,35,addition,E1_addition,1725,18975,5,0.305896532535553,0.2574133396148682
97,35,addition,E1_addition,1725,18975,6,0.1503284730017185,0.1239373423159122
97,35,addition,E1_addition,1725,18975,8,0.0366309901699423,0.0298242799937725
97,35,addition,E1_addition,1725,18975,10,0.0088589153019711,0.0076201149262487
97,35,addition,E1_addition,1725,18975,12,0.002231708029285,0.0022371137863956
97,35,addition,E1_addition,1725,18975,16,0.0001790307280316,0.0001076145941624
97,35,addition,E1_addition,1725,18975,23,0.0,0.0
97,36,addition,E1_addition,885,29115,2,0.993912523984909,0.9686491906642912
97,36,addition,E1_addition,885,29115,3,0.7264712572097778,0.7591407895088196
97,36,addition,E1_addition,885,29115,4,0.4090743690729141,0.4194881618022918
97,36,addition,E1_addition,885,29115,5,0.2032256543636322,0.2042343959212303
97,36,addition,E1_addition,885,29115,6,0.1005856297910213,0.101660681515932
97,36,addition,E1_addition,885,29115,8,0.0248123742640018,0.0249078249558806
97,36,addition,E1_addition,885,29115,10,0.0059934372548013,0.0067770611029118
97,36,addition,E1_addition,885,29115,12,0.0019052625051699,0.0013240018510259
97,36,addition,E1_addition,885,29115,16,0.0001027099329803,6.938991136848927e-05
97,36,addition,E1_addition,885,29115,23,0.0,0.0
97,37,addition,E1_addition,5006,24994,2,0.9680048048496246,0.963106334209442
97,37,addition,E1_addition,5006,24994,3,0.7053814560174942,0.7646849095821381
97,37,addition,E1_addition,5006,24994,4,0.4629899799823761,0.468746468424797
97,37,addition,E1_addition,5006,24994,5,0.2796309910714626,0.2286731570959091
97,37,addition,E1_addition,5006,24994,6,0.1515898182988166,0.1110220231115818
97,37,addition,E1_addition,5006,24994,8,0.0383533206768333,0.0266894722357392
97,37,addition,E1_addition,5006,24994,10,0.0096477364888414,0.0069991616997867
97,37,addition,E1_addition,5006,24994,12,0.0023366977227851,0.0015156472567468
97,37,addition,E1_addition,5006,24994,16,0.0001180069019028,0.000106522392889
97,37,addition,E1_addition,5006,24994,23,0.0,0.0
97,38,addition,E1_addition,1679,28321,2,0.9906572043895722,0.9818027913570404
97,38,addition,E1_addition,1679,28321,3,0.7397112727165223,0.6749829202890396
97,38,addition,E1_addition,1679,28321,4,0.4051623791456222,0.3462554529309273
97,38,addition,E1_addition,1679,28321,5,0.2039264872670173,0.1690469726920128
97,38,addition,E1_addition,1679,28321,6,0.1002802409231662,0.0835321251302957
97,38,addition,E1_addition,1679,28321,8,0.0262159364297986,0.0203164670616388
97,38,addition,E1_addition,1679,28321,10,0.0059268316952511,0.0055875503807328
97,38,addition,E1_addition,1679,28321,12,0.0016330625338014,0.0013791060744551
97,38,addition,E1_addition,1679,28321,16,3.969969984609634e-05,5.377515408326872e-05
97,38,addition,E1_addition,1679,28321,23,0.0,0.0
97,39,addition,E1_addition,2772,9628,2,0.9989595770835876,0.9886658012866972
97,39,addition,E1_addition,2772,9628,3,0.8685947835445404,0.8004526853561401
97,39,addition,E1_addition,2772,9628,4,0.55654456615448,0.4711468994617462
97,39,addition,E1_addition,2772,9628,5,0.3048515990376472,0.2263906434178352
97,39,addition,E1_addition,2772,9628,6,0.1549762174487114,0.1113937027752399
97,39,addition,E1_addition,2772,9628,8,0.0365859527140855,0.0284799238666892
97,39,addition,E1_addition,2772,9628,10,0.0091589862015098,0.0065509295323863
97,39,addition,E1_addition,2772,9628,12,0.0020691607729531,0.0017222782305907
97,39,addition,E1_addition,2772,9628,16,0.0001576017588376,0.0001128841722675
97,39,addition,E1_addition,2772,9628,23,0.0,0.0
