p,seed,task,group,bits,q_train_acc,q_test_acc,d_ff,tag
97,0,addition,mlp,2,0.0111613078042864,0.0097414096817374,96,E6_width
97,0,addition,mlp,4,0.5649747848510742,0.552072286605835,96,E6_width
97,0,addition,mlp,5,0.1953228861093521,0.1976620554924011,96,E6_width
97,1,addition,mlp,2,0.0103640714660286,0.0111583424732089,96,E6_width
97,1,addition,mlp,4,0.669944167137146,0.6625930070877075,96,E6_width
97,1,addition,mlp,5,0.994950830936432,0.984059512615204,96,E6_width
97,2,addition,mlp,2,0.0199309065937995,0.0224938001483678,96,E6_width
97,2,addition,mlp,4,0.0821153372526168,0.0839532390236854,96,E6_width
97,2,addition,mlp,5,0.5049163103103638,0.4814027547836303,96,E6_width
97,3,addition,mlp,2,0.0162104703485965,0.0185972359031438,96,E6_width
97,3,addition,mlp,4,0.1110815852880477,0.1126461178064346,96,E6_width
97,3,addition,mlp,5,0.0627159178256988,0.0588026903569698,96,E6_width
97,4,addition,mlp,2,0.0340154133737087,0.0336521416902542,96,E6_width
97,4,addition,mlp,4,0.1355301588773727,0.1365568488836288,96,E6_width
97,4,addition,mlp,5,0.3534414172172546,0.3471484184265136,96,E6_width
97,5,addition,mlp,2,0.0276375226676464,0.0194828193634748,96,E6_width
97,5,addition,mlp,4,0.1504119038581848,0.1509032994508743,96,E6_width
97,5,addition,mlp,5,0.1092213690280914,0.1025504767894744,96,E6_width
97,6,addition,mlp,2,0.0098325805738568,0.0104498760774731,96,E6_width
97,6,addition,mlp,4,0.5532819628715515,0.5203683972358704,96,E6_width
97,6,addition,mlp,5,0.9989370107650756,0.9895501136779784,96,E6_width
97,7,addition,mlp,2,0.0284347590059041,0.0317038595676422,96,E6_width
97,7,addition,mlp,4,0.2378421425819397,0.2295430302619934,96,E6_width
97,7,addition,mlp,5,0.8416157364845276,0.8198724389076233,96,E6_width
97,0,addition,mlp,2,0.0369386114180088,0.0417995043098926,171,E6_width
97,0,addition,mlp,4,0.5995216369628906,0.5821820497512817,171,E6_width
97,0,addition,mlp,5,0.9540260434150696,0.942968487739563,171,E6_width
97,1,addition,mlp,2,0.0544778108596801,0.0504782125353813,171,E6_width
97,1,addition,mlp,4,0.2423598170280456,0.2348565310239792,171,E6_width
97,1,addition,mlp,5,0.2133935689926147,0.2040382623672485,171,E6_width
97,2,addition,mlp,2,0.0085038533434271,0.0113354586064815,171,E6_width
97,2,addition,mlp,4,0.2662768959999084,0.2670917510986328,171,E6_width
97,2,addition,mlp,5,0.9880414605140686,0.977506160736084,171,E6_width
97,3,addition,mlp,2,0.0085038533434271,0.0077931275591254,171,E6_width
97,3,addition,mlp,4,0.9938878417015076,0.9867162704467772,171,E6_width
97,3,addition,mlp,5,1.0,0.9975203275680542,171,E6_width
97,4,addition,mlp,2,0.0140845067799091,0.0143464393913745,171,E6_width
97,4,addition,mlp,4,0.1788466721773147,0.1641870290040969,171,E6_width
97,4,addition,mlp,5,0.405261754989624,0.398689329624176,171,E6_width
97,5,addition,mlp,2,0.0401275567710399,0.0309953950345516,171,E6_width
97,5,addition,mlp,4,0.9976083040237428,0.9909670352935792,171,E6_width
97,5,addition,mlp,5,1.0,0.9957491755485536,171,E6_width
97,6,addition,mlp,2,0.0108955623582005,0.0109812254086136,171,E6_width
97,6,addition,mlp,4,0.2136593163013458,0.2146652489900589,171,E6_width
97,6,addition,mlp,5,0.1086898744106292,0.1068012714385986,171,E6_width
97,7,addition,mlp,2,0.0321551971137523,0.0412681549787521,171,E6_width
97,7,addition,mlp,4,0.1094871088862419,0.1043216437101364,171,E6_width
97,7,addition,mlp,5,0.3855966031551361,0.3761955201625824,171,E6_width
97,0,addition,mlp,2,0.1004517674446106,0.1130003556609153,341,E6_width
97,0,addition,mlp,4,0.868987500667572,0.8421891331672668,341,E6_width
97,0,addition,mlp,5,1.0,0.9872475862503052,341,E6_width
97,1,addition,mlp,2,0.0114270532503724,0.0086787100881338,341,E6_width
97,1,addition,mlp,4,0.4204092621803283,0.3985122144222259,341,E6_width
97,1,addition,mlp,5,0.9675790667533876,0.9447396397590636,341,E6_width
97,2,addition,mlp,2,0.0154132340103387,0.017711654305458,341,E6_width
97,2,addition,mlp,4,0.0193994157016277,0.0187743529677391,341,E6_width
97,2,addition,mlp,5,0.0645761340856552,0.0533120781183242,341,E6_width
97,3,addition,mlp,2,0.0114270532503724,0.010804109275341,341,E6_width
97,3,addition,mlp,4,0.6112144589424133,0.5967056155204773,341,E6_width
97,3,addition,mlp,5,0.9992027878761292,0.984059512615204,341,E6_width
97,4,addition,mlp,2,0.0050491630099713,0.0038965637795627,341,E6_width
97,4,addition,mlp,4,0.3696518838405609,0.3526390194892883,341,E6_width
97,4,addition,mlp,5,0.7246877551078796,0.6996103525161743,341,E6_width
97,5,addition,mlp,2,0.0911506786942482,0.0899752005934715,341,E6_width
97,5,addition,mlp,4,0.4366197288036346,0.4183492660522461,341,E6_width
97,5,addition,mlp,5,0.5484985113143921,0.5462273955345154,341,E6_width
97,6,addition,mlp,2,0.0515546090900898,0.0538434274494648,341,E6_width
97,6,addition,mlp,4,0.2513951659202575,0.232554018497467,341,E6_width
97,6,addition,mlp,5,0.5285676121711731,0.4923839867115021,341,E6_width
97,7,addition,mlp,2,0.014350252225995,0.0132837407290935,341,E6_width
97,7,addition,mlp,4,1.0,0.989727258682251,341,E6_width
97,7,addition,mlp,5,1.0,0.992206871509552,341,E6_width
97,0,addition,mlp,2,0.0124900350347161,0.0125752743333578,682,E6_width
97,0,addition,mlp,4,0.8368323445320129,0.8204038143157959,682,E6_width
97,0,addition,mlp,5,0.5017273426055908,0.5076159834861755,682,E6_width
97,1,addition,mlp,2,0.0154132340103387,0.0131066236644983,682,E6_width
97,1,addition,mlp,4,0.9997342824935912,0.9927381873130798,682,E6_width
97,1,addition,mlp,5,1.0,0.99344664812088,682,E6_width
97,2,addition,mlp,2,0.0236513428390026,0.0237336158752441,682,E6_width
97,2,addition,mlp,4,0.2838160991668701,0.269925594329834,682,E6_width
97,2,addition,mlp,5,0.4076534807682037,0.4075451493263244,682,E6_width
97,3,addition,mlp,2,0.0350783951580524,0.0398512221872806,682,E6_width
97,3,addition,mlp,4,0.5660377144813538,0.5582713484764099,682,E6_width
97,3,addition,mlp,5,0.974222719669342,0.968827486038208,682,E6_width
97,4,addition,mlp,2,0.0170077066868543,0.0148777896538376,682,E6_width
97,4,addition,mlp,4,0.3813446760177612,0.3769040107727051,682,E6_width
97,4,addition,mlp,5,0.9115067720413208,0.9032943844795228,682,E6_width
97,5,addition,mlp,2,0.0093010896816849,0.0074388948269188,682,E6_width
97,5,addition,mlp,4,0.9976083040237428,0.9883102774620056,682,E6_width
97,5,addition,mlp,5,1.0,0.9920297265052797,682,E6_width
97,6,addition,mlp,2,0.0138187613338232,0.0131066236644983,682,E6_width
97,6,addition,mlp,4,0.4313048124313354,0.429861843585968,682,E6_width
97,6,addition,mlp,5,0.6763221025466919,0.6710945963859558,682,E6_width
97,7,addition,mlp,2,0.0701567903161048,0.0715550854802131,682,E6_width
97,7,addition,mlp,4,1.0,0.9961034059524536,682,E6_width
97,7,addition,mlp,5,1.0,0.996811866760254,682,E6_width
97,0,addition,mlp,2,0.1892107427120208,0.1843783259391784,1024,E6_width
97,0,addition,mlp,4,1.0,0.9966347813606262,1024,E6_width
97,0,addition,mlp,5,1.0,0.9966347813606262,1024,E6_width
97,1,addition,mlp,2,0.0263087954372167,0.0194828193634748,1024,E6_width
97,1,addition,mlp,4,0.2466117441654205,0.2435352504253387,1024,E6_width
97,1,addition,mlp,5,0.4188147783279419,0.4153382778167724,1024,E6_width
97,2,addition,mlp,2,0.062450174242258,0.0596882738173007,1024,E6_width
97,2,addition,mlp,4,0.7650810480117798,0.7617782354354858,1024,E6_width
97,2,addition,mlp,5,0.9540260434150696,0.9404888153076172,1024,E6_width
97,3,addition,mlp,2,0.0300292316824197,0.0276301801204681,1024,E6_width
97,3,addition,mlp,4,0.3951634466648102,0.3992206752300262,1024,E6_width
97,3,addition,mlp,5,1.0,1.0,1024,E6_width
97,4,addition,mlp,2,0.0135530158877372,0.0113354586064815,1024,E6_width
97,4,addition,mlp,4,0.1238373667001724,0.1273467987775802,1024,E6_width
97,4,addition,mlp,5,0.5663034915924072,0.5681898593902588,1024,E6_width
97,5,addition,mlp,2,0.0496943928301334,0.0471130013465881,1024,E6_width
97,5,addition,mlp,4,0.9253255128860474,0.9144526720046996,1024,E6_width
97,5,addition,mlp,5,0.9997342824935912,0.995926320552826,1024,E6_width
97,6,addition,mlp,2,0.0374701023101806,0.0421537384390831,1024,E6_width
97,6,addition,mlp,4,0.2115333527326584,0.1891604661941528,1024,E6_width
97,6,addition,mlp,5,0.5591283440589905,0.5618136525154114,1024,E6_width
97,7,addition,mlp,2,0.0558065362274646,0.0588026903569698,1024,E6_width
97,7,addition,mlp,4,0.9000797271728516,0.8923131227493286,1024,E6_width
97,7,addition,mlp,5,1.0,0.9953949451446532,1024,E6_width
