p,seed,task,tag,grokked,grok_step,n_checkpoints,final_train_acc,final_test_acc,d_ff,train_frac,cleanup_converged,actual_steps_used,adaptive_converged,adaptive_converged_trend,post_grok_dip_count
97,0,addition,E7_trainfrac,False,,3,1.0,0.1612646132707595,341,0.2,,12000,,,0
97,1,addition,E7_trainfrac,False,,3,1.0,0.2021785378456115,341,0.2,,12000,,,0
97,2,addition,E7_trainfrac,False,,3,1.0,0.138947919011116,341,0.2,,12000,,,0
97,3,addition,E7_trainfrac,False,,3,0.954279601573944,0.0965727940201759,341,0.2,,12000,,,0
97,4,addition,E7_trainfrac,False,,3,1.0,0.1875664144754409,341,0.2,,12000,,,0
97,5,addition,E7_trainfrac,False,,3,1.0,0.2019128501415252,341,0.2,,12000,,,0
97,6,addition,E7_trainfrac,False,,3,1.0,0.1984590888023376,341,0.2,,12000,,,0
97,7,addition,E7_trainfrac,False,,3,1.0,0.2128055244684219,341,0.2,,12000,,,0
97,8,addition,E7_trainfrac,False,,3,1.0,0.1969978660345077,341,0.2,,12000,,,0
97,9,addition,E7_trainfrac,False,,3,1.0,0.1903560012578964,341,0.2,,12000,,,0
97,10,addition,E7_trainfrac,False,,3,1.0,0.2007173150777816,341,0.2,,12000,,,0
97,11,addition,E7_trainfrac,False,,3,1.0,0.1989904344081878,341,0.2,,12000,,,0
97,12,addition,E7_trainfrac,False,,3,1.0,0.1958023309707641,341,0.2,,12000,,,0
97,13,addition,E7_trainfrac,False,,3,1.0,0.158209353685379,341,0.2,,12000,,,0
97,14,addition,E7_trainfrac,False,,3,1.0,0.2154622673988342,341,0.2,,12000,,,0
97,15,addition,E7_trainfrac,False,,3,1.0,0.1643198728561401,341,0.2,,12000,,,0
97,16,addition,E7_trainfrac,False,,3,1.0,0.1511689722537994,341,0.2,,12000,,,0
97,17,addition,E7_trainfrac,False,,3,1.0,0.1733528077602386,341,0.2,,12000,,,0
97,18,addition,E7_trainfrac,False,,3,1.0,0.1876992583274841,341,0.2,,12000,,,0
97,19,addition,E7_trainfrac,False,,3,1.0,0.1944739669561386,341,0.2,,12000,,,0
97,0,addition,E7_trainfrac,True,10650.0,7,1.0,0.9703962206840516,341,0.3,False,30000,False,False,3
97,1,addition,E7_trainfrac,True,10650.0,7,1.0,0.9842113256454468,341,0.3,False,30000,False,False,1
97,2,addition,E7_trainfrac,False,,3,1.0,0.2942158877849579,341,0.3,,12000,,,0
97,3,addition,E7_trainfrac,False,,3,1.0,0.3438591063022613,341,0.3,,12000,,,0
97,4,addition,E7_trainfrac,True,10100.0,6,1.0,0.9758615493774414,341,0.3,False,30000,False,True,1
97,5,addition,E7_trainfrac,False,,3,1.0,0.3702747821807861,341,0.3,,12000,,,0
97,6,addition,E7_trainfrac,True,5850.0,6,1.0,0.9933201670646667,341,0.3,False,30000,False,False,0
97,7,addition,E7_trainfrac,True,9550.0,7,0.9939758777618408,0.9717625379562378,341,0.3,False,30000,False,False,1
97,8,addition,E7_trainfrac,True,2900.0,6,1.0,0.985729455947876,341,0.3,False,30000,False,True,1
97,9,addition,E7_trainfrac,True,6650.0,6,1.0,0.9825413823127748,341,0.3,False,30000,False,False,1
97,10,addition,E7_trainfrac,False,,3,1.0,0.3081827759742737,341,0.3,,12000,,,0
97,11,addition,E7_trainfrac,False,,3,1.0,0.5081220865249634,341,0.3,,12000,,,0
97,12,addition,E7_trainfrac,False,,3,1.0,0.3629876971244812,341,0.3,,12000,,,0
97,13,addition,E7_trainfrac,False,,3,1.0,0.437983900308609,341,0.3,,12000,,,0
97,14,addition,E7_trainfrac,False,,3,1.0,0.3010475039482116,341,0.3,,12000,,,0
97,15,addition,E7_trainfrac,False,,3,1.0,0.3563078939914703,341,0.3,,12000,,,0
97,16,addition,E7_trainfrac,True,4550.0,6,1.0,0.9898284673690796,341,0.3,False,30000,False,False,1
97,17,addition,E7_trainfrac,False,,3,1.0,0.3250341713428497,341,0.3,,12000,,,0
97,18,addition,E7_trainfrac,True,4950.0,7,1.0,0.99453467130661,341,0.3,False,30000,False,False,1
97,19,addition,E7_trainfrac,True,8900.0,7,1.0,0.9869439601898192,341,0.3,False,30000,False,True,0
97,0,addition,E7_trainfrac,True,1850.0,6,1.0,0.988133192062378,341,0.4,False,30000,False,False,2
97,1,addition,E7_trainfrac,True,3050.0,6,1.0,0.9849450588226318,341,0.4,True,30000,False,True,0
97,2,addition,E7_trainfrac,True,1000.0,6,1.0,0.982819676399231,341,0.4,True,30000,False,True,4
97,3,addition,E7_trainfrac,True,2900.0,6,1.0,0.9886645078659058,341,0.4,True,30000,False,False,0
97,4,addition,E7_trainfrac,True,3600.0,6,1.0,0.9927381873130798,341,0.4,False,30000,False,True,1
97,5,addition,E7_trainfrac,True,1350.0,6,1.0,1.0,341,0.4,False,30000,False,False,3
97,6,addition,E7_trainfrac,True,1500.0,6,1.0,0.9982288479804992,341,0.4,True,23850,True,True,5
97,7,addition,E7_trainfrac,True,800.0,6,1.0,0.992206871509552,341,0.4,False,30000,False,True,2
97,8,addition,E7_trainfrac,True,1100.0,6,1.0,0.9909670352935792,341,0.4,False,30000,False,False,12
97,9,addition,E7_trainfrac,True,3550.0,6,1.0,0.989727258682251,341,0.4,False,30000,False,False,2
97,10,addition,E7_trainfrac,True,550.0,6,1.0,0.9980517029762268,341,0.4,False,20250,True,True,4
97,11,addition,E7_trainfrac,True,600.0,6,1.0,0.995926320552826,341,0.4,False,30000,False,True,3
97,12,addition,E7_trainfrac,True,1950.0,6,1.0,0.9964576363563538,341,0.4,False,30000,False,False,2
97,13,addition,E7_trainfrac,True,950.0,6,1.0,0.9961034059524536,341,0.4,False,30000,False,False,6
97,14,addition,E7_trainfrac,True,1650.0,6,1.0,1.0,341,0.4,False,30000,False,False,3
97,15,addition,E7_trainfrac,True,2450.0,6,1.0,0.9876018166542052,341,0.4,False,30000,False,True,2
97,16,addition,E7_trainfrac,True,1000.0,6,1.0,0.989727258682251,341,0.4,False,30000,False,False,8
97,17,addition,E7_trainfrac,True,4250.0,6,1.0,0.996811866760254,341,0.4,True,30000,False,True,7
97,18,addition,E7_trainfrac,True,1400.0,6,1.0,1.0,341,0.4,False,30000,False,False,6
97,19,addition,E7_trainfrac,True,1600.0,6,1.0,0.9911441802978516,341,0.4,False,30000,False,True,1
