p,seed,task,n_levels,fp32_train_acc,fp32_test_acc,q_train_acc,q_test_acc,train_frac,tag
97,0,addition,7,1.0,0.1612646132707595,0.1345029175281524,0.0329436771571636,0.2,E7_trainfrac
97,0,addition,8,1.0,0.1612646132707595,0.1345029175281524,0.0329436771571636,0.2,E7_trainfrac
97,0,addition,9,1.0,0.1612646132707595,0.2620946168899536,0.0500797033309936,0.2,E7_trainfrac
97,0,addition,10,1.0,0.1612646132707595,0.2620946168899536,0.0500797033309936,0.2,E7_trainfrac
97,0,addition,11,1.0,0.1612646132707595,0.4210526347160339,0.0708023384213447,0.2,E7_trainfrac
97,0,addition,12,1.0,0.1612646132707595,0.4210526347160339,0.0708023384213447,0.2,E7_trainfrac
97,0,addition,13,1.0,0.1612646132707595,0.552365779876709,0.088071197271347,0.2,E7_trainfrac
97,0,addition,14,1.0,0.1612646132707595,0.552365779876709,0.088071197271347,0.2,E7_trainfrac
97,0,addition,15,1.0,0.1612646132707595,0.616161584854126,0.098698191344738,0.2,E7_trainfrac
97,1,addition,7,1.0,0.2021785378456115,0.0350877195596694,0.0164718385785818,0.2,E7_trainfrac
97,1,addition,8,1.0,0.2021785378456115,0.0350877195596694,0.0164718385785818,0.2,E7_trainfrac
97,1,addition,9,1.0,0.2021785378456115,0.0595427975058555,0.0219181720167398,0.2,E7_trainfrac
97,1,addition,10,1.0,0.2021785378456115,0.0595427975058555,0.0219181720167398,0.2,E7_trainfrac
97,1,addition,11,1.0,0.2021785378456115,0.0935672521591186,0.0232465453445911,0.2,E7_trainfrac
97,1,addition,12,1.0,0.2021785378456115,0.0935672521591186,0.0232465453445911,0.2,E7_trainfrac
97,1,addition,13,1.0,0.2021785378456115,0.1584263741970062,0.0375929847359657,0.2,E7_trainfrac
97,1,addition,14,1.0,0.2021785378456115,0.1584263741970062,0.0375929847359657,0.2,E7_trainfrac
97,1,addition,15,1.0,0.2021785378456115,0.2025518268346786,0.0430393181741237,0.2,E7_trainfrac
97,2,addition,7,1.0,0.138947919011116,0.0515683144330978,0.0139479273930192,0.2,E7_trainfrac
97,2,addition,8,1.0,0.138947919011116,0.0515683144330978,0.0139479273930192,0.2,E7_trainfrac
97,2,addition,9,1.0,0.138947919011116,0.0940988808870315,0.0209883097559213,0.2,E7_trainfrac
97,2,addition,10,1.0,0.138947919011116,0.0940988808870315,0.0209883097559213,0.2,E7_trainfrac
97,2,addition,11,1.0,0.138947919011116,0.1812865436077118,0.0274973437190055,0.2,E7_trainfrac
97,2,addition,12,1.0,0.138947919011116,0.1812865436077118,0.0274973437190055,0.2,E7_trainfrac
97,2,addition,13,1.0,0.138947919011116,0.2870813310146332,0.0399840585887432,0.2,E7_trainfrac
97,2,addition,14,1.0,0.138947919011116,0.2870813310146332,0.0399840585887432,0.2,E7_trainfrac
97,2,addition,15,1.0,0.138947919011116,0.4375332295894623,0.0543304979801178,0.2,E7_trainfrac
97,3,addition,7,0.954279601573944,0.0965727940201759,0.0292397662997245,0.0119553664699196,0.2,E7_trainfrac
97,3,addition,8,0.954279601573944,0.0965727940201759,0.0292397662997245,0.0119553664699196,0.2,E7_trainfrac
97,3,addition,9,0.954279601573944,0.0965727940201759,0.0478468909859657,0.0119553664699196,0.2,E7_trainfrac
97,3,addition,10,0.954279601573944,0.0965727940201759,0.0478468909859657,0.0119553664699196,0.2,E7_trainfrac
97,3,addition,11,0.954279601573944,0.0965727940201759,0.0914407223463058,0.0192614234983921,0.2,E7_trainfrac
97,3,addition,12,0.954279601573944,0.0965727940201759,0.0914407223463058,0.0192614234983921,0.2,E7_trainfrac
97,3,addition,13,0.954279601573944,0.0965727940201759,0.1610845327377319,0.0249734316021204,0.2,E7_trainfrac
97,3,addition,14,0.954279601573944,0.0965727940201759,0.1610845327377319,0.0249734316021204,0.2,E7_trainfrac
97,3,addition,15,0.954279601573944,0.0965727940201759,0.2078681588172912,0.0297555793076753,0.2,E7_trainfrac
97,4,addition,7,1.0,0.1875664144754409,0.0212652832269668,0.0104941548779606,0.2,E7_trainfrac
97,4,addition,8,1.0,0.1875664144754409,0.0212652832269668,0.0104941548779606,0.2,E7_trainfrac
97,4,addition,9,1.0,0.1875664144754409,0.0531632117927074,0.0179330501705408,0.2,E7_trainfrac
97,4,addition,10,1.0,0.1875664144754409,0.0531632117927074,0.0179330501705408,0.2,E7_trainfrac
97,4,addition,11,1.0,0.1875664144754409,0.1350345611572265,0.0324123278260231,0.2,E7_trainfrac
97,4,addition,12,1.0,0.1875664144754409,0.1350345611572265,0.0324123278260231,0.2,E7_trainfrac
97,4,addition,13,1.0,0.1875664144754409,0.2083997875452041,0.0478214658796787,0.2,E7_trainfrac
97,4,addition,14,1.0,0.1875664144754409,0.2083997875452041,0.0478214658796787,0.2,E7_trainfrac
97,4,addition,15,1.0,0.1875664144754409,0.330143541097641,0.0688097774982452,0.2,E7_trainfrac
97,5,addition,7,1.0,0.2019128501415252,0.2195640653371811,0.0490170009434223,0.2,E7_trainfrac
97,5,addition,8,1.0,0.2019128501415252,0.2195640653371811,0.0490170009434223,0.2,E7_trainfrac
97,5,addition,9,1.0,0.2019128501415252,0.4263689517974853,0.0826248675584793,0.2,E7_trainfrac
97,5,addition,10,1.0,0.2019128501415252,0.4263689517974853,0.0826248675584793,0.2,E7_trainfrac
97,5,addition,11,1.0,0.2019128501415252,0.4651781022548675,0.093916043639183,0.2,E7_trainfrac
97,5,addition,12,1.0,0.2019128501415252,0.4651781022548675,0.093916043639183,0.2,E7_trainfrac
97,5,addition,13,1.0,0.2019128501415252,0.6496544480323792,0.1207492053508758,0.2,E7_trainfrac
97,5,addition,14,1.0,0.2019128501415252,0.6496544480323792,0.1207492053508758,0.2,E7_trainfrac
97,5,addition,15,1.0,0.2019128501415252,0.7506645321846008,0.142534539103508,0.2,E7_trainfrac
97,6,addition,7,1.0,0.1984590888023376,0.1254651695489883,0.0260361321270465,0.2,E7_trainfrac
97,6,addition,8,1.0,0.1984590888023376,0.1254651695489883,0.0260361321270465,0.2,E7_trainfrac
97,6,addition,9,1.0,0.1984590888023376,0.1951089799404144,0.0395855456590652,0.2,E7_trainfrac
97,6,addition,10,1.0,0.1984590888023376,0.1951089799404144,0.0395855456590652,0.2,E7_trainfrac
97,6,addition,11,1.0,0.1984590888023376,0.3407761752605438,0.0702709853649139,0.2,E7_trainfrac
97,6,addition,12,1.0,0.1984590888023376,0.3407761752605438,0.0702709853649139,0.2,E7_trainfrac
97,6,addition,13,1.0,0.1984590888023376,0.4449760615825653,0.083289049565792,0.2,E7_trainfrac
97,6,addition,14,1.0,0.1984590888023376,0.4449760615825653,0.083289049565792,0.2,E7_trainfrac
97,6,addition,15,1.0,0.1984590888023376,0.5784157514572144,0.1070669516921043,0.2,E7_trainfrac
97,7,addition,7,1.0,0.2128055244684219,0.0441254638135433,0.015674814581871,0.2,E7_trainfrac
97,7,addition,8,1.0,0.2128055244684219,0.0441254638135433,0.015674814581871,0.2,E7_trainfrac
97,7,addition,9,1.0,0.2128055244684219,0.1111111119389534,0.0353347510099411,0.2,E7_trainfrac
97,7,addition,10,1.0,0.2128055244684219,0.1111111119389534,0.0353347510099411,0.2,E7_trainfrac
97,7,addition,11,1.0,0.2128055244684219,0.1610845327377319,0.0410467572510242,0.2,E7_trainfrac
97,7,addition,12,1.0,0.2128055244684219,0.1610845327377319,0.0410467572510242,0.2,E7_trainfrac
97,7,addition,13,1.0,0.2128055244684219,0.2195640653371811,0.0551275238394737,0.2,E7_trainfrac
97,7,addition,14,1.0,0.2128055244684219,0.2195640653371811,0.0551275238394737,0.2,E7_trainfrac
97,7,addition,15,1.0,0.2128055244684219,0.2418926060199737,0.0626992583274841,0.2,E7_trainfrac
97,8,addition,7,1.0,0.1969978660345077,0.0303030293434858,0.0162061639130115,0.2,E7_trainfrac
97,8,addition,8,1.0,0.1969978660345077,0.0303030293434858,0.0162061639130115,0.2,E7_trainfrac
97,8,addition,9,1.0,0.1969978660345077,0.0600744262337684,0.018198724836111,0.2,E7_trainfrac
97,8,addition,10,1.0,0.1969978660345077,0.0600744262337684,0.018198724836111,0.2,E7_trainfrac
97,8,addition,11,1.0,0.1969978660345077,0.1148325353860855,0.0300212539732456,0.2,E7_trainfrac
97,8,addition,12,1.0,0.1969978660345077,0.1148325353860855,0.0300212539732456,0.2,E7_trainfrac
97,8,addition,13,1.0,0.1969978660345077,0.1812865436077118,0.0399840585887432,0.2,E7_trainfrac
97,8,addition,14,1.0,0.1969978660345077,0.1812865436077118,0.0399840585887432,0.2,E7_trainfrac
97,8,addition,15,1.0,0.1969978660345077,0.2413609772920608,0.0504782125353813,0.2,E7_trainfrac
97,9,addition,7,1.0,0.1903560012578964,0.0366826169192791,0.012752391397953,0.2,E7_trainfrac
97,9,addition,8,1.0,0.1903560012578964,0.0366826169192791,0.012752391397953,0.2,E7_trainfrac
97,9,addition,9,1.0,0.1903560012578964,0.0595427975058555,0.0164718385785818,0.2,E7_trainfrac
97,9,addition,10,1.0,0.1903560012578964,0.0595427975058555,0.0164718385785818,0.2,E7_trainfrac
97,9,addition,11,1.0,0.1903560012578964,0.0978203043341636,0.0199256110936403,0.2,E7_trainfrac
97,9,addition,12,1.0,0.1903560012578964,0.0978203043341636,0.0199256110936403,0.2,E7_trainfrac
97,9,addition,13,1.0,0.1903560012578964,0.1259968131780624,0.0314824655652046,0.2,E7_trainfrac
97,9,addition,14,1.0,0.1903560012578964,0.1259968131780624,0.0314824655652046,0.2,E7_trainfrac
97,9,addition,15,1.0,0.1903560012578964,0.1850079745054245,0.0377258248627185,0.2,E7_trainfrac
97,10,addition,7,1.0,0.2007173150777816,0.1137692704796791,0.0289585553109645,0.2,E7_trainfrac
97,10,addition,8,1.0,0.2007173150777816,0.1137692704796791,0.0289585553109645,0.2,E7_trainfrac
97,10,addition,9,1.0,0.2007173150777816,0.2668793201446533,0.0534006357192993,0.2,E7_trainfrac
97,10,addition,10,1.0,0.2007173150777816,0.2668793201446533,0.0534006357192993,0.2,E7_trainfrac
97,10,addition,11,1.0,0.2007173150777816,0.409888356924057,0.0823591947555542,0.2,E7_trainfrac
97,10,addition,12,1.0,0.2007173150777816,0.409888356924057,0.0823591947555542,0.2,E7_trainfrac
97,10,addition,13,1.0,0.2007173150777816,0.4938862323760986,0.1029489859938621,0.2,E7_trainfrac
97,10,addition,14,1.0,0.2007173150777816,0.4938862323760986,0.1029489859938621,0.2,E7_trainfrac
97,10,addition,15,1.0,0.2007173150777816,0.6055289506912231,0.1236716210842132,0.2,E7_trainfrac
97,11,addition,7,1.0,0.1989904344081878,0.1440722942352295,0.0321466512978076,0.2,E7_trainfrac
97,11,addition,8,1.0,0.1989904344081878,0.1440722942352295,0.0321466512978076,0.2,E7_trainfrac
97,11,addition,9,1.0,0.1989904344081878,0.2876129746437073,0.0593783184885978,0.2,E7_trainfrac
97,11,addition,10,1.0,0.1989904344081878,0.2876129746437073,0.0593783184885978,0.2,E7_trainfrac
97,11,addition,11,1.0,0.1989904344081878,0.4635832011699676,0.0854144543409347,0.2,E7_trainfrac
97,11,addition,12,1.0,0.1989904344081878,0.4635832011699676,0.0854144543409347,0.2,E7_trainfrac
97,11,addition,13,1.0,0.1989904344081878,0.5746942758560181,0.0977683290839195,0.2,E7_trainfrac
97,11,addition,14,1.0,0.1989904344081878,0.5746942758560181,0.0977683290839195,0.2,E7_trainfrac
97,11,addition,15,1.0,0.1989904344081878,0.6969696879386902,0.1226089224219322,0.2,E7_trainfrac
97,12,addition,7,1.0,0.1958023309707641,0.179160013794899,0.0362646132707595,0.2,E7_trainfrac
97,12,addition,8,1.0,0.1958023309707641,0.179160013794899,0.0362646132707595,0.2,E7_trainfrac
97,12,addition,9,1.0,0.1958023309707641,0.3514088094234466,0.0658873543143272,0.2,E7_trainfrac
97,12,addition,10,1.0,0.1958023309707641,0.3514088094234466,0.0658873543143272,0.2,E7_trainfrac
97,12,addition,11,1.0,0.1958023309707641,0.4540138244628906,0.0819606781005859,0.2,E7_trainfrac
97,12,addition,12,1.0,0.1958023309707641,0.4540138244628906,0.0819606781005859,0.2,E7_trainfrac
97,12,addition,13,1.0,0.1958023309707641,0.5736310482025146,0.1012221053242683,0.2,E7_trainfrac
97,12,addition,14,1.0,0.1958023309707641,0.5736310482025146,0.1012221053242683,0.2,E7_trainfrac
97,12,addition,15,1.0,0.1958023309707641,0.7145135402679443,0.1239373013377189,0.2,E7_trainfrac
97,13,addition,7,1.0,0.158209353685379,0.1228070184588432,0.025504782795906,0.2,E7_trainfrac
97,13,addition,8,1.0,0.158209353685379,0.1228070184588432,0.025504782795906,0.2,E7_trainfrac
97,13,addition,9,1.0,0.158209353685379,0.1733120679855346,0.0369287990033626,0.2,E7_trainfrac
97,13,addition,10,1.0,0.158209353685379,0.1733120679855346,0.0369287990033626,0.2,E7_trainfrac
97,13,addition,11,1.0,0.158209353685379,0.3062200844287872,0.0557917095720768,0.2,E7_trainfrac
97,13,addition,12,1.0,0.158209353685379,0.3062200844287872,0.0557917095720768,0.2,E7_trainfrac
97,13,addition,13,1.0,0.158209353685379,0.3833067417144775,0.0628320947289466,0.2,E7_trainfrac
97,13,addition,14,1.0,0.158209353685379,0.3833067417144775,0.0628320947289466,0.2,E7_trainfrac
97,13,addition,15,1.0,0.158209353685379,0.4646464586257934,0.0702709853649139,0.2,E7_trainfrac
97,14,addition,7,1.0,0.2154622673988342,0.0855927690863609,0.0265674814581871,0.2,E7_trainfrac
97,14,addition,8,1.0,0.2154622673988342,0.0855927690863609,0.0265674814581871,0.2,E7_trainfrac
97,14,addition,9,1.0,0.2154622673988342,0.1472620964050293,0.0439691804349422,0.2,E7_trainfrac
97,14,addition,10,1.0,0.2154622673988342,0.1472620964050293,0.0439691804349422,0.2,E7_trainfrac
97,14,addition,11,1.0,0.2154622673988342,0.2115895748138427,0.0608395300805568,0.2,E7_trainfrac
97,14,addition,12,1.0,0.2154622673988342,0.2115895748138427,0.0608395300805568,0.2,E7_trainfrac
97,14,addition,13,1.0,0.2154622673988342,0.2684742212295532,0.0710680112242698,0.2,E7_trainfrac
97,14,addition,14,1.0,0.2154622673988342,0.2684742212295532,0.0710680112242698,0.2,E7_trainfrac
97,14,addition,15,1.0,0.2154622673988342,0.377458781003952,0.0911264568567276,0.2,E7_trainfrac
97,15,addition,7,1.0,0.1643198728561401,0.1068580523133277,0.0247077569365501,0.2,E7_trainfrac
97,15,addition,8,1.0,0.1643198728561401,0.1068580523133277,0.0247077569365501,0.2,E7_trainfrac
97,15,addition,9,1.0,0.1643198728561401,0.2323232293128967,0.0410467572510242,0.2,E7_trainfrac
97,15,addition,10,1.0,0.1643198728561401,0.2323232293128967,0.0410467572510242,0.2,E7_trainfrac
97,15,addition,11,1.0,0.1643198728561401,0.3455608785152435,0.0504782125353813,0.2,E7_trainfrac
97,15,addition,12,1.0,0.1643198728561401,0.3455608785152435,0.0504782125353813,0.2,E7_trainfrac
97,15,addition,13,1.0,0.1643198728561401,0.480063796043396,0.0737247616052627,0.2,E7_trainfrac
97,15,addition,14,1.0,0.1643198728561401,0.480063796043396,0.0737247616052627,0.2,E7_trainfrac
97,15,addition,15,1.0,0.1643198728561401,0.5619351267814636,0.0819606781005859,0.2,E7_trainfrac
97,16,addition,7,1.0,0.1511689722537994,0.0462519936263561,0.015276301652193,0.2,E7_trainfrac
97,16,addition,8,1.0,0.1511689722537994,0.0462519936263561,0.015276301652193,0.2,E7_trainfrac
97,16,addition,9,1.0,0.1511689722537994,0.094630517065525,0.0224495213478803,0.2,E7_trainfrac
97,16,addition,10,1.0,0.1511689722537994,0.094630517065525,0.0224495213478803,0.2,E7_trainfrac
97,16,addition,11,1.0,0.1511689722537994,0.129186600446701,0.0268331561237573,0.2,E7_trainfrac
97,16,addition,12,1.0,0.1511689722537994,0.129186600446701,0.0268331561237573,0.2,E7_trainfrac
97,16,addition,13,1.0,0.1511689722537994,0.2068048864603042,0.0316153019666671,0.2,E7_trainfrac
97,16,addition,14,1.0,0.1511689722537994,0.2068048864603042,0.0316153019666671,0.2,E7_trainfrac
97,16,addition,15,1.0,0.1511689722537994,0.3014354109764099,0.0437035076320171,0.2,E7_trainfrac
97,17,addition,7,1.0,0.1733528077602386,0.0329611897468566,0.013815090060234,0.2,E7_trainfrac
97,17,addition,8,1.0,0.1733528077602386,0.0329611897468566,0.013815090060234,0.2,E7_trainfrac
97,17,addition,9,1.0,0.1733528077602386,0.0552897378802299,0.0174017008394002,0.2,E7_trainfrac
97,17,addition,10,1.0,0.1733528077602386,0.0552897378802299,0.0174017008394002,0.2,E7_trainfrac
97,17,addition,11,1.0,0.1733528077602386,0.1116427406668663,0.0292242299765348,0.2,E7_trainfrac
97,17,addition,12,1.0,0.1733528077602386,0.1116427406668663,0.0292242299765348,0.2,E7_trainfrac
97,17,addition,13,1.0,0.1733528077602386,0.1600212603807449,0.0366631224751472,0.2,E7_trainfrac
97,17,addition,14,1.0,0.1733528077602386,0.1600212603807449,0.0366631224751472,0.2,E7_trainfrac
97,17,addition,15,1.0,0.1733528077602386,0.1871345043182373,0.0431721583008766,0.2,E7_trainfrac
97,18,addition,7,1.0,0.1876992583274841,0.1233386471867561,0.0302869286388158,0.2,E7_trainfrac
97,18,addition,8,1.0,0.1876992583274841,0.1233386471867561,0.0302869286388158,0.2,E7_trainfrac
97,18,addition,9,1.0,0.1876992583274841,0.3019670248031616,0.0526036135852336,0.2,E7_trainfrac
97,18,addition,10,1.0,0.1876992583274841,0.3019670248031616,0.0526036135852336,0.2,E7_trainfrac
97,18,addition,11,1.0,0.1876992583274841,0.3822434842586517,0.0690754503011703,0.2,E7_trainfrac
97,18,addition,12,1.0,0.1876992583274841,0.3822434842586517,0.0690754503011703,0.2,E7_trainfrac
97,18,addition,13,1.0,0.1876992583274841,0.4811270534992218,0.0757173225283622,0.2,E7_trainfrac
97,18,addition,14,1.0,0.1876992583274841,0.4811270534992218,0.0757173225283622,0.2,E7_trainfrac
97,18,addition,15,1.0,0.1876992583274841,0.595427930355072,0.0959086045622825,0.2,E7_trainfrac
97,19,addition,7,1.0,0.1944739669561386,0.0425305664539337,0.0151434643194079,0.2,E7_trainfrac
97,19,addition,8,1.0,0.1944739669561386,0.0425305664539337,0.0151434643194079,0.2,E7_trainfrac
97,19,addition,9,1.0,0.1944739669561386,0.0855927690863609,0.01965993642807,0.2,E7_trainfrac
97,19,addition,10,1.0,0.1944739669561386,0.0855927690863609,0.01965993642807,0.2,E7_trainfrac
97,19,addition,11,1.0,0.1944739669561386,0.1536416709423065,0.0369287990033626,0.2,E7_trainfrac
97,19,addition,12,1.0,0.1944739669561386,0.1536416709423065,0.0369287990033626,0.2,E7_trainfrac
97,19,addition,13,1.0,0.1944739669561386,0.1648059487342834,0.0402497351169586,0.2,E7_trainfrac
97,19,addition,14,1.0,0.1944739669561386,0.1648059487342834,0.0402497351169586,0.2,E7_trainfrac
97,19,addition,15,1.0,0.1944739669561386,0.2105263173580169,0.0496811904013156,0.2,E7_trainfrac
97,0,addition,7,1.0,0.9703962206840516,0.006024096161127,0.0051616821438074,0.3,E7_trainfrac
97,0,addition,8,1.0,0.9703962206840516,0.006024096161127,0.0051616821438074,0.3,E7_trainfrac
97,0,addition,9,1.0,0.9703962206840516,0.0088589647784829,0.0075907087884843,0.3,E7_trainfrac
97,0,addition,10,1.0,0.9703962206840516,0.0088589647784829,0.0075907087884843,0.3,E7_trainfrac
97,0,addition,11,1.0,0.9703962206840516,0.004252303391695,0.0021253984887152,0.3,E7_trainfrac
97,0,addition,12,1.0,0.9703962206840516,0.004252303391695,0.0021253984887152,0.3,E7_trainfrac
97,0,addition,13,1.0,0.9703962206840516,0.0070871720090508,0.0068316380493342,0.3,E7_trainfrac
97,0,addition,14,1.0,0.9703962206840516,0.0070871720090508,0.0068316380493342,0.3,E7_trainfrac
97,0,addition,15,1.0,0.9703962206840516,0.0095676826313138,0.0086534079164266,0.3,E7_trainfrac
97,1,addition,7,1.0,0.9842113256454468,0.0024805101566016,0.0016699560219421,0.3,E7_trainfrac
97,1,addition,8,1.0,0.9842113256454468,0.0024805101566016,0.0016699560219421,0.3,E7_trainfrac
97,1,addition,9,1.0,0.9842113256454468,0.0028348688501864,0.001518141827546,0.3,E7_trainfrac
97,1,addition,10,1.0,0.9842113256454468,0.0028348688501864,0.001518141827546,0.3,E7_trainfrac
97,1,addition,11,1.0,0.9842113256454468,0.012756910175085,0.0126005765050649,0.3,E7_trainfrac
97,1,addition,12,1.0,0.9842113256454468,0.012756910175085,0.0126005765050649,0.3,E7_trainfrac
97,1,addition,13,1.0,0.9842113256454468,0.0375620126724243,0.0330954901874065,0.3,E7_trainfrac
97,1,addition,14,1.0,0.9842113256454468,0.0375620126724243,0.0330954901874065,0.3,E7_trainfrac
97,1,addition,15,1.0,0.9842113256454468,0.0623671151697635,0.0582966431975364,0.3,E7_trainfrac
97,2,addition,7,1.0,0.2942158877849579,0.2583274245262146,0.0795506313443183,0.3,E7_trainfrac
97,2,addition,8,1.0,0.2942158877849579,0.2583274245262146,0.0795506313443183,0.3,E7_trainfrac
97,2,addition,9,1.0,0.2942158877849579,0.4486179947853088,0.1332928538322448,0.3,E7_trainfrac
97,2,addition,10,1.0,0.2942158877849579,0.4486179947853088,0.1332928538322448,0.3,E7_trainfrac
97,2,addition,11,1.0,0.2942158877849579,0.6087880730628967,0.1782298535108566,0.3,E7_trainfrac
97,2,addition,12,1.0,0.2942158877849579,0.6087880730628967,0.1782298535108566,0.3,E7_trainfrac
97,2,addition,13,1.0,0.2942158877849579,0.7402551174163818,0.2184606045484542,0.3,E7_trainfrac
97,2,addition,14,1.0,0.2942158877849579,0.7402551174163818,0.2184606045484542,0.3,E7_trainfrac
97,2,addition,15,1.0,0.2942158877849579,0.8603826761245728,0.2503415942192077,0.3,E7_trainfrac
97,3,addition,7,1.0,0.3438591063022613,0.2870304584503174,0.1111279800534248,0.3,E7_trainfrac
97,3,addition,8,1.0,0.3438591063022613,0.2870304584503174,0.1111279800534248,0.3,E7_trainfrac
97,3,addition,9,1.0,0.3438591063022613,0.4776754081249237,0.1679064780473709,0.3,E7_trainfrac
97,3,addition,10,1.0,0.3438591063022613,0.4776754081249237,0.1679064780473709,0.3,E7_trainfrac
97,3,addition,11,1.0,0.3438591063022613,0.6087880730628967,0.2132989168167114,0.3,E7_trainfrac
97,3,addition,12,1.0,0.3438591063022613,0.6087880730628967,0.2132989168167114,0.3,E7_trainfrac
97,3,addition,13,1.0,0.3438591063022613,0.7469879388809204,0.2512524724006653,0.3,E7_trainfrac
97,3,addition,14,1.0,0.3438591063022613,0.7469879388809204,0.2512524724006653,0.3,E7_trainfrac
97,3,addition,15,1.0,0.3438591063022613,0.8217576146125793,0.2820707559585571,0.3,E7_trainfrac
97,4,addition,7,1.0,0.9758615493774414,0.0088589647784829,0.0115378778427839,0.3,E7_trainfrac
97,4,addition,8,1.0,0.9758615493774414,0.0088589647784829,0.0115378778427839,0.3,E7_trainfrac
97,4,addition,9,1.0,0.9758615493774414,0.0627214759588241,0.066342793405056,0.3,E7_trainfrac
97,4,addition,10,1.0,0.9758615493774414,0.0627214759588241,0.066342793405056,0.3,E7_trainfrac
97,4,addition,11,1.0,0.9758615493774414,0.1137491092085838,0.1039927154779434,0.3,E7_trainfrac
97,4,addition,12,1.0,0.9758615493774414,0.1137491092085838,0.1039927154779434,0.3,E7_trainfrac
97,4,addition,13,1.0,0.9758615493774414,0.1350106298923492,0.1220586001873016,0.3,E7_trainfrac
97,4,addition,14,1.0,0.9758615493774414,0.1350106298923492,0.1220586001873016,0.3,E7_trainfrac
97,4,addition,15,1.0,0.9758615493774414,0.364635020494461,0.3441627323627472,0.3,E7_trainfrac
97,5,addition,7,1.0,0.3702747821807861,0.4007795751094818,0.1621375381946563,0.3,E7_trainfrac
97,5,addition,8,1.0,0.3702747821807861,0.4007795751094818,0.1621375381946563,0.3,E7_trainfrac
97,5,addition,9,1.0,0.3702747821807861,0.5531538128852844,0.2202823758125305,0.3,E7_trainfrac
97,5,addition,10,1.0,0.3702747821807861,0.5531538128852844,0.2202823758125305,0.3,E7_trainfrac
97,5,addition,11,1.0,0.3702747821807861,0.6654854416847229,0.2529224157333374,0.3,E7_trainfrac
97,5,addition,12,1.0,0.3702747821807861,0.6654854416847229,0.2529224157333374,0.3,E7_trainfrac
97,5,addition,13,1.0,0.3702747821807861,0.7771084308624268,0.28677698969841,0.3,E7_trainfrac
97,5,addition,14,1.0,0.3702747821807861,0.7771084308624268,0.28677698969841,0.3,E7_trainfrac
97,5,addition,15,1.0,0.3702747821807861,0.8632175922393799,0.3133444786071777,0.3,E7_trainfrac
97,6,addition,7,1.0,0.9933201670646667,0.0719347968697547,0.0658873543143272,0.3,E7_trainfrac
97,6,addition,8,1.0,0.9933201670646667,0.0719347968697547,0.0658873543143272,0.3,E7_trainfrac
97,6,addition,9,1.0,0.9933201670646667,0.1495393365621566,0.1358736902475357,0.3,E7_trainfrac
97,6,addition,10,1.0,0.9933201670646667,0.1495393365621566,0.1358736902475357,0.3,E7_trainfrac
97,6,addition,11,1.0,0.9933201670646667,0.3518781065940857,0.3478062748908996,0.3,E7_trainfrac
97,6,addition,12,1.0,0.9933201670646667,0.3518781065940857,0.3478062748908996,0.3,E7_trainfrac
97,6,addition,13,1.0,0.9933201670646667,0.5634301900863647,0.5576134920120239,0.3,E7_trainfrac
97,6,addition,14,1.0,0.9933201670646667,0.5634301900863647,0.5576134920120239,0.3,E7_trainfrac
97,6,addition,15,1.0,0.9933201670646667,0.7168674468994141,0.7065432071685791,0.3,E7_trainfrac
97,7,addition,7,0.9939758777618408,0.9717625379562378,0.0063784550875425,0.003643540199846,0.3,E7_trainfrac
97,7,addition,8,0.9939758777618408,0.9717625379562378,0.0063784550875425,0.003643540199846,0.3,E7_trainfrac
97,7,addition,9,0.9939758777618408,0.9717625379562378,0.0141743440181016,0.0091088507324457,0.3,E7_trainfrac
97,7,addition,10,0.9939758777618408,0.9717625379562378,0.0141743440181016,0.0091088507324457,0.3,E7_trainfrac
97,7,addition,11,0.9939758777618408,0.9717625379562378,0.0457122586667537,0.0455442555248737,0.3,E7_trainfrac
97,7,addition,12,0.9939758777618408,0.9717625379562378,0.0457122586667537,0.0455442555248737,0.3,E7_trainfrac
97,7,addition,13,0.9939758777618408,0.9717625379562378,0.1346562653779983,0.117504172027111,0.3,E7_trainfrac
97,7,addition,14,0.9939758777618408,0.9717625379562378,0.1346562653779983,0.117504172027111,0.3,E7_trainfrac
97,7,addition,15,0.9939758777618408,0.9717625379562378,0.16973777115345,0.1615302860736847,0.3,E7_trainfrac
97,8,addition,7,1.0,0.985729455947876,0.0223245918750762,0.0218612421303987,0.3,E7_trainfrac
97,8,addition,8,1.0,0.985729455947876,0.0223245918750762,0.0218612421303987,0.3,E7_trainfrac
97,8,addition,9,1.0,0.985729455947876,0.0506732799112796,0.0488841645419597,0.3,E7_trainfrac
97,8,addition,10,1.0,0.985729455947876,0.0506732799112796,0.0488841645419597,0.3,E7_trainfrac
97,8,addition,11,1.0,0.985729455947876,0.1360737085342407,0.1301047503948211,0.3,E7_trainfrac
97,8,addition,12,1.0,0.985729455947876,0.1360737085342407,0.1301047503948211,0.3,E7_trainfrac
97,8,addition,13,1.0,0.985729455947876,0.0340184271335601,0.0311219077557325,0.3,E7_trainfrac
97,8,addition,14,1.0,0.985729455947876,0.0340184271335601,0.0311219077557325,0.3,E7_trainfrac
97,8,addition,15,1.0,0.985729455947876,0.0258681774139404,0.0236830115318298,0.3,E7_trainfrac
97,9,addition,7,1.0,0.9825413823127748,0.0021261516958475,0.0013663276331499,0.3,E7_trainfrac
97,9,addition,8,1.0,0.9825413823127748,0.0021261516958475,0.0013663276331499,0.3,E7_trainfrac
97,9,addition,9,1.0,0.9825413823127748,0.006024096161127,0.0057689389213919,0.3,E7_trainfrac
97,9,addition,10,1.0,0.9825413823127748,0.006024096161127,0.0057689389213919,0.3,E7_trainfrac
97,9,addition,11,1.0,0.9825413823127748,0.0297661237418651,0.0362835898995399,0.3,E7_trainfrac
97,9,addition,12,1.0,0.9825413823127748,0.0297661237418651,0.0362835898995399,0.3,E7_trainfrac
97,9,addition,13,1.0,0.9825413823127748,0.1155209019780159,0.1161378473043441,0.3,E7_trainfrac
97,9,addition,14,1.0,0.9825413823127748,0.1155209019780159,0.1161378473043441,0.3,E7_trainfrac
97,9,addition,15,1.0,0.9825413823127748,0.4968107640743255,0.4850462973117828,0.3,E7_trainfrac
97,10,addition,7,1.0,0.3081827759742737,0.2859674096107483,0.0929102748632431,0.3,E7_trainfrac
97,10,addition,8,1.0,0.3081827759742737,0.2859674096107483,0.0929102748632431,0.3,E7_trainfrac
97,10,addition,9,1.0,0.3081827759742737,0.4840538501739502,0.1530286967754364,0.3,E7_trainfrac
97,10,addition,10,1.0,0.3081827759742737,0.4840538501739502,0.1530286967754364,0.3,E7_trainfrac
97,10,addition,11,1.0,0.3081827759742737,0.6311126947402954,0.198117509484291,0.3,E7_trainfrac
97,10,addition,12,1.0,0.3081827759742737,0.6311126947402954,0.198117509484291,0.3,E7_trainfrac
97,10,addition,13,1.0,0.3081827759742737,0.7689581513404846,0.2416881769895553,0.3,E7_trainfrac
97,10,addition,14,1.0,0.3081827759742737,0.7689581513404846,0.2416881769895553,0.3,E7_trainfrac
97,10,addition,15,1.0,0.3081827759742737,0.8607370257377625,0.2643084824085235,0.3,E7_trainfrac
97,11,addition,7,1.0,0.5081220865249634,0.3830616474151611,0.2131471037864685,0.3,E7_trainfrac
97,11,addition,8,1.0,0.5081220865249634,0.3830616474151611,0.2131471037864685,0.3,E7_trainfrac
97,11,addition,9,1.0,0.5081220865249634,0.5772501826286316,0.2863215506076813,0.3,E7_trainfrac
97,11,addition,10,1.0,0.5081220865249634,0.5772501826286316,0.2863215506076813,0.3,E7_trainfrac
97,11,addition,11,1.0,0.5081220865249634,0.6576895713806152,0.3349020779132843,0.3,E7_trainfrac
97,11,addition,12,1.0,0.5081220865249634,0.6576895713806152,0.3349020779132843,0.3,E7_trainfrac
97,11,addition,13,1.0,0.5081220865249634,0.7016300559043884,0.3494762480258941,0.3,E7_trainfrac
97,11,addition,14,1.0,0.5081220865249634,0.7016300559043884,0.3494762480258941,0.3,E7_trainfrac
97,11,addition,15,1.0,0.5081220865249634,0.7951807379722595,0.3927432894706726,0.3,E7_trainfrac
97,12,addition,7,1.0,0.3629876971244812,0.1158752664923667,0.0564748756587505,0.3,E7_trainfrac
97,12,addition,8,1.0,0.3629876971244812,0.1158752664923667,0.0564748756587505,0.3,E7_trainfrac
97,12,addition,9,1.0,0.3629876971244812,0.2349397540092468,0.0942766070365905,0.3,E7_trainfrac
97,12,addition,10,1.0,0.3629876971244812,0.2349397540092468,0.0942766070365905,0.3,E7_trainfrac
97,12,addition,11,1.0,0.3629876971244812,0.3610914051532745,0.1376954615116119,0.3,E7_trainfrac
97,12,addition,12,1.0,0.3629876971244812,0.3610914051532745,0.1376954615116119,0.3,E7_trainfrac
97,12,addition,13,1.0,0.3629876971244812,0.4780297577381134,0.1868832558393478,0.3,E7_trainfrac
97,12,addition,14,1.0,0.3629876971244812,0.4780297577381134,0.1868832558393478,0.3,E7_trainfrac
97,12,addition,15,1.0,0.3629876971244812,0.6293408870697021,0.230605736374855,0.3,E7_trainfrac
97,13,addition,7,1.0,0.437983900308609,0.1587526500225067,0.0859268233180046,0.3,E7_trainfrac
97,13,addition,8,1.0,0.437983900308609,0.1587526500225067,0.0859268233180046,0.3,E7_trainfrac
97,13,addition,9,1.0,0.437983900308609,0.2682494521141052,0.132533773779869,0.3,E7_trainfrac
97,13,addition,10,1.0,0.437983900308609,0.2682494521141052,0.132533773779869,0.3,E7_trainfrac
97,13,addition,11,1.0,0.437983900308609,0.409992903470993,0.1991802006959915,0.3,E7_trainfrac
97,13,addition,12,1.0,0.437983900308609,0.409992903470993,0.1991802006959915,0.3,E7_trainfrac
97,13,addition,13,1.0,0.437983900308609,0.4638554155826568,0.2163352072238922,0.3,E7_trainfrac
97,13,addition,14,1.0,0.437983900308609,0.4638554155826568,0.2163352072238922,0.3,E7_trainfrac
97,13,addition,15,1.0,0.437983900308609,0.4957476854324341,0.2429026812314987,0.3,E7_trainfrac
97,14,addition,7,1.0,0.3010475039482116,0.2200566977262497,0.0748443901538848,0.3,E7_trainfrac
97,14,addition,8,1.0,0.3010475039482116,0.2200566977262497,0.0748443901538848,0.3,E7_trainfrac
97,14,addition,9,1.0,0.3010475039482116,0.4340893030166626,0.1393654197454452,0.3,E7_trainfrac
97,14,addition,10,1.0,0.3010475039482116,0.4340893030166626,0.1393654197454452,0.3,E7_trainfrac
97,14,addition,11,1.0,0.3010475039482116,0.5620127320289612,0.1715500205755233,0.3,E7_trainfrac
97,14,addition,12,1.0,0.3010475039482116,0.5620127320289612,0.1715500205755233,0.3,E7_trainfrac
97,14,addition,13,1.0,0.3010475039482116,0.7186392545700073,0.2158797681331634,0.3,E7_trainfrac
97,14,addition,14,1.0,0.3010475039482116,0.7186392545700073,0.2158797681331634,0.3,E7_trainfrac
97,14,addition,15,1.0,0.3010475039482116,0.8157334923744202,0.2474571168422699,0.3,E7_trainfrac
97,15,addition,7,1.0,0.3563078939914703,0.1094968095421791,0.0520722642540931,0.3,E7_trainfrac
97,15,addition,8,1.0,0.3563078939914703,0.1094968095421791,0.0520722642540931,0.3,E7_trainfrac
97,15,addition,9,1.0,0.3563078939914703,0.2360028326511383,0.1008046120405197,0.3,E7_trainfrac
97,15,addition,10,1.0,0.3563078939914703,0.2360028326511383,0.1008046120405197,0.3,E7_trainfrac
97,15,addition,11,1.0,0.3563078939914703,0.3288447856903076,0.1299529373645782,0.3,E7_trainfrac
97,15,addition,12,1.0,0.3563078939914703,0.3288447856903076,0.1299529373645782,0.3,E7_trainfrac
97,15,addition,13,1.0,0.3563078939914703,0.4440113306045532,0.1717018336057663,0.3,E7_trainfrac
97,15,addition,14,1.0,0.3563078939914703,0.4440113306045532,0.1717018336057663,0.3,E7_trainfrac
97,15,addition,15,1.0,0.3563078939914703,0.5634301900863647,0.2146652489900589,0.3,E7_trainfrac
97,16,addition,7,1.0,0.9898284673690796,0.0326009914278984,0.027174737304449,0.3,E7_trainfrac
97,16,addition,8,1.0,0.9898284673690796,0.0326009914278984,0.027174737304449,0.3,E7_trainfrac
97,16,addition,9,1.0,0.9898284673690796,0.0662650614976883,0.0607256703078746,0.3,E7_trainfrac
97,16,addition,10,1.0,0.9898284673690796,0.0662650614976883,0.0607256703078746,0.3,E7_trainfrac
97,16,addition,11,1.0,0.9898284673690796,0.1704464852809906,0.1682101041078567,0.3,E7_trainfrac
97,16,addition,12,1.0,0.9898284673690796,0.1704464852809906,0.1682101041078567,0.3,E7_trainfrac
97,16,addition,13,1.0,0.9898284673690796,0.3788093626499176,0.361469566822052,0.3,E7_trainfrac
97,16,addition,14,1.0,0.9898284673690796,0.3788093626499176,0.361469566822052,0.3,E7_trainfrac
97,16,addition,15,1.0,0.9898284673690796,0.268958181142807,0.2515560984611511,0.3,E7_trainfrac
97,17,addition,7,1.0,0.3250341713428497,0.2048192769289016,0.0793988183140754,0.3,E7_trainfrac
97,17,addition,8,1.0,0.3250341713428497,0.2048192769289016,0.0793988183140754,0.3,E7_trainfrac
97,17,addition,9,1.0,0.3250341713428497,0.3745570480823517,0.1319265216588974,0.3,E7_trainfrac
97,17,addition,10,1.0,0.3250341713428497,0.3745570480823517,0.1319265216588974,0.3,E7_trainfrac
97,17,addition,11,1.0,0.3250341713428497,0.567328155040741,0.1884014010429382,0.3,E7_trainfrac
97,17,addition,12,1.0,0.3250341713428497,0.567328155040741,0.1884014010429382,0.3,E7_trainfrac
97,17,addition,13,1.0,0.3250341713428497,0.7161587476730347,0.2271140068769455,0.3,E7_trainfrac
97,17,addition,14,1.0,0.3250341713428497,0.7161587476730347,0.2271140068769455,0.3,E7_trainfrac
97,17,addition,15,1.0,0.3250341713428497,0.7827781438827515,0.254440575838089,0.3,E7_trainfrac
97,18,addition,7,1.0,0.99453467130661,0.0184266474097967,0.0232275687158107,0.3,E7_trainfrac
97,18,addition,8,1.0,0.99453467130661,0.0184266474097967,0.0232275687158107,0.3,E7_trainfrac
97,18,addition,9,1.0,0.99453467130661,0.0616583973169326,0.0564748756587505,0.3,E7_trainfrac
97,18,addition,10,1.0,0.99453467130661,0.0616583973169326,0.0564748756587505,0.3,E7_trainfrac
97,18,addition,11,1.0,0.99453467130661,0.0712260827422142,0.0716562941670417,0.3,E7_trainfrac
97,18,addition,12,1.0,0.99453467130661,0.0712260827422142,0.0716562941670417,0.3,E7_trainfrac
97,18,addition,13,1.0,0.99453467130661,0.1690290570259094,0.1706391423940658,0.3,E7_trainfrac
97,18,addition,14,1.0,0.99453467130661,0.1690290570259094,0.1706391423940658,0.3,E7_trainfrac
97,18,addition,15,1.0,0.99453467130661,0.2030474841594696,0.2013055980205536,0.3,E7_trainfrac
97,19,addition,7,1.0,0.9869439601898192,0.0131112681701779,0.0097161075100302,0.3,E7_trainfrac
97,19,addition,8,1.0,0.9869439601898192,0.0131112681701779,0.0097161075100302,0.3,E7_trainfrac
97,19,addition,9,1.0,0.9869439601898192,0.0031892275437712,0.0060725673101842,0.3,E7_trainfrac
97,19,addition,10,1.0,0.9869439601898192,0.0031892275437712,0.0060725673101842,0.3,E7_trainfrac
97,19,addition,11,1.0,0.9869439601898192,0.019489724189043,0.0173068158328533,0.3,E7_trainfrac
97,19,addition,12,1.0,0.9869439601898192,0.019489724189043,0.0173068158328533,0.3,E7_trainfrac
97,19,addition,13,1.0,0.9869439601898192,0.0262225363403558,0.0242902692407369,0.3,E7_trainfrac
97,19,addition,14,1.0,0.9869439601898192,0.0262225363403558,0.0242902692407369,0.3,E7_trainfrac
97,19,addition,15,1.0,0.9869439601898192,0.0492558479309082,0.0438742972910404,0.3,E7_trainfrac
97,0,addition,7,1.0,0.988133192062378,0.0069093806669116,0.0067304284311831,0.4,E7_trainfrac
97,0,addition,8,1.0,0.988133192062378,0.0069093806669116,0.0067304284311831,0.4,E7_trainfrac
97,0,addition,9,1.0,0.988133192062378,0.0188679248094558,0.0182430036365985,0.4,E7_trainfrac
97,0,addition,10,1.0,0.988133192062378,0.0188679248094558,0.0182430036365985,0.4,E7_trainfrac
97,0,addition,11,1.0,0.988133192062378,0.080520860850811,0.0770456939935684,0.4,E7_trainfrac
97,0,addition,12,1.0,0.988133192062378,0.080520860850811,0.0770456939935684,0.4,E7_trainfrac
97,0,addition,13,1.0,0.988133192062378,0.1966516077518463,0.1873892992734909,0.4,E7_trainfrac
97,0,addition,14,1.0,0.988133192062378,0.1966516077518463,0.1873892992734909,0.4,E7_trainfrac
97,0,addition,15,1.0,0.988133192062378,0.243688553571701,0.230605736374855,0.4,E7_trainfrac
97,1,addition,7,1.0,0.9849450588226318,0.0087695987895131,0.0070846616290509,0.4,E7_trainfrac
97,1,addition,8,1.0,0.9849450588226318,0.0087695987895131,0.0070846616290509,0.4,E7_trainfrac
97,1,addition,9,1.0,0.9849450588226318,0.0308264680206775,0.0301098115742206,0.4,E7_trainfrac
97,1,addition,10,1.0,0.9849450588226318,0.0308264680206775,0.0301098115742206,0.4,E7_trainfrac
97,1,addition,11,1.0,0.9849450588226318,0.1323412209749221,0.1339001059532165,0.4,E7_trainfrac
97,1,addition,12,1.0,0.9849450588226318,0.1323412209749221,0.1339001059532165,0.4,E7_trainfrac
97,1,addition,13,1.0,0.9849450588226318,0.1692798286676406,0.1549769788980484,0.4,E7_trainfrac
97,1,addition,14,1.0,0.9849450588226318,0.1692798286676406,0.1549769788980484,0.4,E7_trainfrac
97,1,addition,15,1.0,0.9849450588226318,0.1751262247562408,0.1562167853116989,0.4,E7_trainfrac
97,2,addition,7,1.0,0.982819676399231,0.0069093806669116,0.0070846616290509,0.4,E7_trainfrac
97,2,addition,8,1.0,0.982819676399231,0.0069093806669116,0.0070846616290509,0.4,E7_trainfrac
97,2,addition,9,1.0,0.982819676399231,0.0063778897747397,0.0053134961053729,0.4,E7_trainfrac
97,2,addition,10,1.0,0.982819676399231,0.0063778897747397,0.0053134961053729,0.4,E7_trainfrac
97,2,addition,11,1.0,0.982819676399231,0.0071751261129975,0.006907545030117,0.4,E7_trainfrac
97,2,addition,12,1.0,0.982819676399231,0.0071751261129975,0.006907545030117,0.4,E7_trainfrac
97,2,addition,13,1.0,0.982819676399231,0.0061121447943151,0.0056677293032407,0.4,E7_trainfrac
97,2,addition,14,1.0,0.982819676399231,0.0061121447943151,0.0056677293032407,0.4,E7_trainfrac
97,2,addition,15,1.0,0.982819676399231,0.0066436352208256,0.0058448459021747,0.4,E7_trainfrac
97,3,addition,7,1.0,0.9886645078659058,0.0132872704416513,0.0109812254086136,0.4,E7_trainfrac
97,3,addition,8,1.0,0.9886645078659058,0.0132872704416513,0.0109812254086136,0.4,E7_trainfrac
97,3,addition,9,1.0,0.9886645078659058,0.0507573746144771,0.0444562509655952,0.4,E7_trainfrac
97,3,addition,10,1.0,0.9886645078659058,0.0507573746144771,0.0444562509655952,0.4,E7_trainfrac
97,3,addition,11,1.0,0.9886645078659058,0.1081583872437477,0.1034360602498054,0.4,E7_trainfrac
97,3,addition,12,1.0,0.9886645078659058,0.1081583872437477,0.1034360602498054,0.4,E7_trainfrac
97,3,addition,13,1.0,0.9886645078659058,0.3741695582866668,0.3544102013111114,0.4,E7_trainfrac
97,3,addition,14,1.0,0.9886645078659058,0.3741695582866668,0.3544102013111114,0.4,E7_trainfrac
97,3,addition,15,1.0,0.9886645078659058,0.4796704649925232,0.4787459969520569,0.4,E7_trainfrac
97,4,addition,7,1.0,0.9927381873130798,0.0156789794564247,0.0162947215139865,0.4,E7_trainfrac
97,4,addition,8,1.0,0.9927381873130798,0.0156789794564247,0.0162947215139865,0.4,E7_trainfrac
97,4,addition,9,1.0,0.9927381873130798,0.0228541065007448,0.0226709172129631,0.4,E7_trainfrac
97,4,addition,10,1.0,0.9927381873130798,0.0228541065007448,0.0226709172129631,0.4,E7_trainfrac
97,4,addition,11,1.0,0.9927381873130798,0.0677650794386863,0.0642933025956153,0.4,E7_trainfrac
97,4,addition,12,1.0,0.9927381873130798,0.0677650794386863,0.0642933025956153,0.4,E7_trainfrac
97,4,addition,13,1.0,0.9927381873130798,0.1097528561949729,0.1025504767894744,0.4,E7_trainfrac
97,4,addition,14,1.0,0.9927381873130798,0.1097528561949729,0.1025504767894744,0.4,E7_trainfrac
97,4,addition,15,1.0,0.9927381873130798,0.1623704433441162,0.1404534131288528,0.4,E7_trainfrac
97,5,addition,7,1.0,1.0,0.0417220294475555,0.0375487059354782,0.4,E7_trainfrac
97,5,addition,8,1.0,1.0,0.0417220294475555,0.0375487059354782,0.4,E7_trainfrac
97,5,addition,9,1.0,1.0,0.076003186404705,0.0696068033576011,0.4,E7_trainfrac
97,5,addition,10,1.0,1.0,0.076003186404705,0.0696068033576011,0.4,E7_trainfrac
97,5,addition,11,1.0,1.0,0.1235716193914413,0.1292950809001922,0.4,E7_trainfrac
97,5,addition,12,1.0,1.0,0.1235716193914413,0.1292950809001922,0.4,E7_trainfrac
97,5,addition,13,1.0,1.0,0.098060056567192,0.1046758741140365,0.4,E7_trainfrac
97,5,addition,14,1.0,1.0,0.098060056567192,0.1046758741140365,0.4,E7_trainfrac
97,5,addition,15,1.0,1.0,0.1607759743928909,0.1609989404678344,0.4,E7_trainfrac
97,6,addition,7,1.0,0.9982288479804992,0.0061121447943151,0.0076160114258527,0.4,E7_trainfrac
97,6,addition,8,1.0,0.9982288479804992,0.0061121447943151,0.0076160114258527,0.4,E7_trainfrac
97,6,addition,9,1.0,0.9982288479804992,0.0127557795494794,0.0109812254086136,0.4,E7_trainfrac
97,6,addition,10,1.0,0.9982288479804992,0.0127557795494794,0.0109812254086136,0.4,E7_trainfrac
97,6,addition,11,1.0,0.9982288479804992,0.0233855973929166,0.017711654305458,0.4,E7_trainfrac
97,6,addition,12,1.0,0.9982288479804992,0.0233855973929166,0.017711654305458,0.4,E7_trainfrac
97,6,addition,13,1.0,0.9982288479804992,0.0773319154977798,0.0699610337615013,0.4,E7_trainfrac
97,6,addition,14,1.0,0.9982288479804992,0.0773319154977798,0.0699610337615013,0.4,E7_trainfrac
97,6,addition,15,1.0,0.9982288479804992,0.1714057922363281,0.1556854397058487,0.4,E7_trainfrac
97,7,addition,7,1.0,0.992206871509552,0.0095668351277709,0.0104498760774731,0.4,E7_trainfrac
97,7,addition,8,1.0,0.992206871509552,0.0095668351277709,0.0104498760774731,0.4,E7_trainfrac
97,7,addition,9,1.0,0.992206871509552,0.0071751261129975,0.0093871764838695,0.4,E7_trainfrac
97,7,addition,10,1.0,0.992206871509552,0.0071751261129975,0.0093871764838695,0.4,E7_trainfrac
97,7,addition,11,1.0,0.992206871509552,0.2216316759586334,0.2199787497520446,0.4,E7_trainfrac
97,7,addition,12,1.0,0.992206871509552,0.2216316759586334,0.2199787497520446,0.4,E7_trainfrac
97,7,addition,13,1.0,0.992206871509552,0.165825143456459,0.1716259270906448,0.4,E7_trainfrac
97,7,addition,14,1.0,0.992206871509552,0.165825143456459,0.1716259270906448,0.4,E7_trainfrac
97,7,addition,15,1.0,0.992206871509552,0.3311187922954559,0.337761253118515,0.4,E7_trainfrac
97,8,addition,7,1.0,0.9909670352935792,0.0236513428390026,0.0237336158752441,0.4,E7_trainfrac
97,8,addition,8,1.0,0.9909670352935792,0.0236513428390026,0.0237336158752441,0.4,E7_trainfrac
97,8,addition,9,1.0,0.9909670352935792,0.0191336702555418,0.0214311014860868,0.4,E7_trainfrac
97,8,addition,10,1.0,0.9909670352935792,0.0191336702555418,0.0214311014860868,0.4,E7_trainfrac
97,8,addition,11,1.0,0.9909670352935792,0.032952431589365,0.0359546579420566,0.4,E7_trainfrac
97,8,addition,12,1.0,0.9909670352935792,0.032952431589365,0.0359546579420566,0.4,E7_trainfrac
97,8,addition,13,1.0,0.9909670352935792,0.0714855194091796,0.0777541622519493,0.4,E7_trainfrac
97,8,addition,14,1.0,0.9909670352935792,0.0714855194091796,0.0777541622519493,0.4,E7_trainfrac
97,8,addition,15,1.0,0.9909670352935792,0.0597927197813987,0.0704923868179321,0.4,E7_trainfrac
97,9,addition,7,1.0,0.989727258682251,0.0021259633358567,0.0012398157268762,0.4,E7_trainfrac
97,9,addition,8,1.0,0.989727258682251,0.0021259633358567,0.0012398157268762,0.4,E7_trainfrac
97,9,addition,9,1.0,0.989727258682251,0.0082381078973412,0.0086787100881338,0.4,E7_trainfrac
97,9,addition,10,1.0,0.989727258682251,0.0082381078973412,0.0086787100881338,0.4,E7_trainfrac
97,9,addition,11,1.0,0.989727258682251,0.0377358496189117,0.0435706675052642,0.4,E7_trainfrac
97,9,addition,12,1.0,0.989727258682251,0.0377358496189117,0.0435706675052642,0.4,E7_trainfrac
97,9,addition,13,1.0,0.989727258682251,0.1060324236750602,0.1133545860648155,0.4,E7_trainfrac
97,9,addition,14,1.0,0.989727258682251,0.1060324236750602,0.1133545860648155,0.4,E7_trainfrac
97,9,addition,15,1.0,0.989727258682251,0.1118788197636604,0.1191994324326515,0.4,E7_trainfrac
97,10,addition,7,1.0,0.9980517029762268,0.0042519266717135,0.0051363795064389,0.4,E7_trainfrac
97,10,addition,8,1.0,0.9980517029762268,0.0042519266717135,0.0051363795064389,0.4,E7_trainfrac
97,10,addition,9,1.0,0.9980517029762268,0.077863410115242,0.0791710913181305,0.4,E7_trainfrac
97,10,addition,10,1.0,0.9980517029762268,0.077863410115242,0.0791710913181305,0.4,E7_trainfrac
97,10,addition,11,1.0,0.9980517029762268,0.126494824886322,0.1128232330083847,0.4,E7_trainfrac
97,10,addition,12,1.0,0.9980517029762268,0.126494824886322,0.1128232330083847,0.4,E7_trainfrac
97,10,addition,13,1.0,0.9980517029762268,0.1546638309955597,0.1512575298547744,0.4,E7_trainfrac
97,10,addition,14,1.0,0.9980517029762268,0.1546638309955597,0.1512575298547744,0.4,E7_trainfrac
97,10,addition,15,1.0,0.9980517029762268,0.1690140813589096,0.1723343878984451,0.4,E7_trainfrac
97,11,addition,7,1.0,0.995926320552826,0.0047834175638854,0.0042507969774305,0.4,E7_trainfrac
97,11,addition,8,1.0,0.995926320552826,0.0047834175638854,0.0042507969774305,0.4,E7_trainfrac
97,11,addition,9,1.0,0.995926320552826,0.0130215249955654,0.011866807937622,0.4,E7_trainfrac
97,11,addition,10,1.0,0.995926320552826,0.0130215249955654,0.011866807937622,0.4,E7_trainfrac
97,11,addition,11,1.0,0.995926320552826,0.0430507585406303,0.0448104850947856,0.4,E7_trainfrac
97,11,addition,12,1.0,0.995926320552826,0.0430507585406303,0.0448104850947856,0.4,E7_trainfrac
97,11,addition,13,1.0,0.995926320552826,0.0972628220915794,0.0959971621632576,0.4,E7_trainfrac
97,11,addition,14,1.0,0.995926320552826,0.0972628220915794,0.0959971621632576,0.4,E7_trainfrac
97,11,addition,15,1.0,0.995926320552826,0.0406590476632118,0.0361317731440067,0.4,E7_trainfrac
97,12,addition,7,1.0,0.9964576363563538,0.0946053713560104,0.0919234827160835,0.4,E7_trainfrac
97,12,addition,8,1.0,0.9964576363563538,0.0946053713560104,0.0919234827160835,0.4,E7_trainfrac
97,12,addition,9,1.0,0.9964576363563538,0.1605102270841598,0.1633014529943466,0.4,E7_trainfrac
97,12,addition,10,1.0,0.9964576363563538,0.1605102270841598,0.1633014529943466,0.4,E7_trainfrac
97,12,addition,11,1.0,0.9964576363563538,0.2654796838760376,0.2692171335220337,0.4,E7_trainfrac
97,12,addition,12,1.0,0.9964576363563538,0.2654796838760376,0.2692171335220337,0.4,E7_trainfrac
97,12,addition,13,1.0,0.9964576363563538,0.2535211145877838,0.2523910701274872,0.4,E7_trainfrac
97,12,addition,14,1.0,0.9964576363563538,0.2535211145877838,0.2523910701274872,0.4,E7_trainfrac
97,12,addition,15,1.0,0.9964576363563538,0.5370714664459229,0.5278072953224182,0.4,E7_trainfrac
97,13,addition,7,1.0,0.9961034059524536,0.0228541065007448,0.0232022665441036,0.4,E7_trainfrac
97,13,addition,8,1.0,0.9961034059524536,0.0228541065007448,0.0232022665441036,0.4,E7_trainfrac
97,13,addition,9,1.0,0.9961034059524536,0.0446452312171459,0.0455189496278762,0.4,E7_trainfrac
97,13,addition,10,1.0,0.9961034059524536,0.0446452312171459,0.0455189496278762,0.4,E7_trainfrac
97,13,addition,11,1.0,0.9961034059524536,0.0528833381831646,0.0529578439891338,0.4,E7_trainfrac
97,13,addition,12,1.0,0.9961034059524536,0.0528833381831646,0.0529578439891338,0.4,E7_trainfrac
97,13,addition,13,1.0,0.9961034059524536,0.0579324997961521,0.0658873543143272,0.4,E7_trainfrac
97,13,addition,14,1.0,0.9961034059524536,0.0579324997961521,0.0658873543143272,0.4,E7_trainfrac
97,13,addition,15,1.0,0.9961034059524536,0.1219771429896354,0.1239815801382064,0.4,E7_trainfrac
97,14,addition,7,1.0,1.0,0.0132872704416513,0.0147006725892424,0.4,E7_trainfrac
97,14,addition,8,1.0,1.0,0.0132872704416513,0.0147006725892424,0.4,E7_trainfrac
97,14,addition,9,1.0,1.0,0.0255115590989589,0.0290471129119396,0.4,E7_trainfrac
97,14,addition,10,1.0,1.0,0.0255115590989589,0.0290471129119396,0.4,E7_trainfrac
97,14,addition,11,1.0,1.0,0.0518203563988208,0.0506553314626216,0.4,E7_trainfrac
97,14,addition,12,1.0,1.0,0.0518203563988208,0.0506553314626216,0.4,E7_trainfrac
97,14,addition,13,1.0,1.0,0.0730799883604049,0.0736804828047752,0.4,E7_trainfrac
97,14,addition,14,1.0,1.0,0.0730799883604049,0.0736804828047752,0.4,E7_trainfrac
97,14,addition,15,1.0,1.0,0.0842413008213043,0.0940488800406456,0.4,E7_trainfrac
97,15,addition,7,1.0,0.9876018166542052,0.0023917087819427,0.0038965637795627,0.4,E7_trainfrac
97,15,addition,8,1.0,0.9876018166542052,0.0023917087819427,0.0038965637795627,0.4,E7_trainfrac
97,15,addition,9,1.0,0.9876018166542052,0.0162104703485965,0.0180658865720033,0.4,E7_trainfrac
97,15,addition,10,1.0,0.9876018166542052,0.0162104703485965,0.0180658865720033,0.4,E7_trainfrac
97,15,addition,11,1.0,0.9876018166542052,0.0196651611477136,0.0214311014860868,0.4,E7_trainfrac
97,15,addition,12,1.0,0.9876018166542052,0.0196651611477136,0.0214311014860868,0.4,E7_trainfrac
97,15,addition,13,1.0,0.9876018166542052,0.0108955623582005,0.0102727590128779,0.4,E7_trainfrac
97,15,addition,14,1.0,0.9876018166542052,0.0108955623582005,0.0102727590128779,0.4,E7_trainfrac
97,15,addition,15,1.0,0.9876018166542052,0.0364071205258369,0.0368402414023876,0.4,E7_trainfrac
97,16,addition,7,1.0,0.989727258682251,0.0146159976720809,0.013815090060234,0.4,E7_trainfrac
97,16,addition,8,1.0,0.989727258682251,0.0146159976720809,0.013815090060234,0.4,E7_trainfrac
97,16,addition,9,1.0,0.989727258682251,0.014350252225995,0.0164718385785818,0.4,E7_trainfrac
97,16,addition,10,1.0,0.989727258682251,0.014350252225995,0.0164718385785818,0.4,E7_trainfrac
97,16,addition,11,1.0,0.989727258682251,0.0356098860502243,0.0325894430279731,0.4,E7_trainfrac
97,16,addition,12,1.0,0.989727258682251,0.0356098860502243,0.0325894430279731,0.4,E7_trainfrac
97,16,addition,13,1.0,0.989727258682251,0.0969970747828483,0.0890896171331405,0.4,E7_trainfrac
97,16,addition,14,1.0,0.989727258682251,0.0969970747828483,0.0890896171331405,0.4,E7_trainfrac
97,16,addition,15,1.0,0.989727258682251,0.0653733760118484,0.0547290109097957,0.4,E7_trainfrac
97,17,addition,7,1.0,0.996811866760254,0.0395960658788681,0.0402054563164711,0.4,E7_trainfrac
97,17,addition,8,1.0,0.996811866760254,0.0395960658788681,0.0402054563164711,0.4,E7_trainfrac
97,17,addition,9,1.0,0.996811866760254,0.0406590476632118,0.0393198728561401,0.4,E7_trainfrac
97,17,addition,10,1.0,0.996811866760254,0.0406590476632118,0.0393198728561401,0.4,E7_trainfrac
97,17,addition,11,1.0,0.996811866760254,0.062450174242258,0.0669500529766082,0.4,E7_trainfrac
97,17,addition,12,1.0,0.996811866760254,0.062450174242258,0.0669500529766082,0.4,E7_trainfrac
97,17,addition,13,1.0,0.996811866760254,0.0526175908744335,0.0526036135852336,0.4,E7_trainfrac
97,17,addition,14,1.0,0.996811866760254,0.0526175908744335,0.0526036135852336,0.4,E7_trainfrac
97,17,addition,15,1.0,0.996811866760254,0.0908849313855171,0.0828905403614044,0.4,E7_trainfrac
97,18,addition,7,1.0,1.0,0.0411905385553836,0.0426850877702236,0.4,E7_trainfrac
97,18,addition,8,1.0,1.0,0.0411905385553836,0.0426850877702236,0.4,E7_trainfrac
97,18,addition,9,1.0,1.0,0.1334041953086853,0.1399220675230026,0.4,E7_trainfrac
97,18,addition,10,1.0,1.0,0.1334041953086853,0.1399220675230026,0.4,E7_trainfrac
97,18,addition,11,1.0,1.0,0.1105500906705856,0.1108749508857727,0.4,E7_trainfrac
97,18,addition,12,1.0,1.0,0.1105500906705856,0.1108749508857727,0.4,E7_trainfrac
97,18,addition,13,1.0,1.0,0.1105500906705856,0.1168969199061393,0.4,E7_trainfrac
97,18,addition,14,1.0,1.0,0.1105500906705856,0.1168969199061393,0.4,E7_trainfrac
97,18,addition,15,1.0,1.0,0.1155992597341537,0.1165426820516586,0.4,E7_trainfrac
97,19,addition,7,1.0,0.9911441802978516,0.0026574542280286,0.0044279135763645,0.4,E7_trainfrac
97,19,addition,8,1.0,0.9911441802978516,0.0026574542280286,0.0044279135763645,0.4,E7_trainfrac
97,19,addition,9,1.0,0.9911441802978516,0.0385330840945243,0.0377258248627185,0.4,E7_trainfrac
97,19,addition,10,1.0,0.9911441802978516,0.0385330840945243,0.0377258248627185,0.4,E7_trainfrac
97,19,addition,11,1.0,0.9911441802978516,0.0813180953264236,0.0947573482990264,0.4,E7_trainfrac
97,19,addition,12,1.0,0.9911441802978516,0.0813180953264236,0.0947573482990264,0.4,E7_trainfrac
97,19,addition,13,1.0,0.9911441802978516,0.0853042751550674,0.0809422582387924,0.4,E7_trainfrac
97,19,addition,14,1.0,0.9911441802978516,0.0853042751550674,0.0809422582387924,0.4,E7_trainfrac
97,19,addition,15,1.0,0.9911441802978516,0.2444857805967331,0.2369819283485412,0.4,E7_trainfrac
