p,seed,gate_act_absmax,up_act_absmax,gate_act_mean_abs,up_act_mean_abs
97,0,14.202118873596191,21.44344711303711,0.9027587175369264,3.642563819885254
97,1,13.316184043884276,57.84299850463867,0.7789051532745361,3.6674647331237793
97,2,37.75802612304688,56.00080871582031,2.007244825363159,7.764573097229004
97,3,10.816815376281738,48.982059478759766,0.5411370992660522,4.08165454864502
97,4,32.03580093383789,70.455078125,3.1531355381011963,10.10878849029541
97,5,23.940866470336918,34.65699768066406,3.20090126991272,3.422107458114624
97,6,38.9139289855957,48.50032043457031,2.3115546703338623,3.0485873222351074
97,7,18.742341995239254,24.95537376403809,0.9117911458015442,3.496310949325561
97,8,35.746795654296875,53.35374069213867,2.572735548019409,3.820458889007568
97,9,19.828367233276367,23.71498107910156,1.0895264148712158,3.250781774520874
97,10,48.26555252075195,61.9328727722168,1.7997918128967283,4.813340187072754
97,11,16.091358184814453,43.90607452392578,1.2718796730041504,4.8850932121276855
59,0,19.485280990600582,32.97413635253906,0.7819365859031677,2.4248149394989014
59,1,21.235265731811523,27.600801467895508,0.4883724749088287,1.34463632106781
59,2,17.449132919311523,17.655643463134766,0.5501578450202942,1.230848789215088
59,3,20.937334060668945,26.488327026367188,0.5726449489593506,2.1134049892425537
59,5,19.29646873474121,46.42864227294922,1.0301809310913086,3.595994472503662
59,6,28.074295043945312,50.621036529541016,0.5826486945152283,2.6885550022125244
59,7,25.41986083984375,17.724143981933594,1.017091989517212,2.777343273162842
59,8,16.136350631713867,35.45773696899414,0.7368959188461304,3.19919228553772
59,9,17.719959259033203,44.73409271240234,0.9010074138641356,4.021560192108154
59,10,13.11581039428711,28.23940658569336,0.7672407627105713,3.436063051223755
59,11,34.795928955078125,41.17285919189453,1.1037039756774902,1.8482599258422847
