d_ff,seed,param_name,max_mag,median_mag,n_weights
96,0,w_gate.weight,0.4679517149925232,0.013773295097053,12288
96,0,w_up.weight,0.4418442249298095,0.0623261556029319,12288
96,0,w_down.weight,0.1866210252046585,0.0133286416530609,12288
96,1,w_gate.weight,0.4698104858398437,0.0217510052025318,12288
96,1,w_up.weight,0.48628631234169,0.0384781770408153,12288
96,1,w_down.weight,0.4523485600948334,0.0171432197093963,12288
96,2,w_gate.weight,0.3392972946166992,0.0066501661203801,12288
96,2,w_up.weight,0.3319145143032074,0.0293174944818019,12288
96,2,w_down.weight,0.2766024768352508,0.0141726844012737,12288
96,3,w_gate.weight,0.4070119261741638,0.0101926270872354,12288
96,3,w_up.weight,0.4036816358566284,0.0401161462068557,12288
96,3,w_down.weight,0.4272235929965973,0.0139634143561124,12288
96,4,w_gate.weight,0.3185055255889892,0.025531280785799,12288
96,4,w_up.weight,0.2726941704750061,0.0286552757024765,12288
96,4,w_down.weight,0.3012932538986206,0.0203054621815681,12288
96,5,w_gate.weight,0.473429262638092,0.0496462807059288,12288
96,5,w_up.weight,0.4775938391685486,0.0151378624141216,12288
96,5,w_down.weight,0.2436215430498123,0.0153960576280951,12288
96,6,w_gate.weight,0.4430164396762848,0.016968984156847,12288
96,6,w_up.weight,0.4728652238845825,0.0260470956563949,12288
96,6,w_down.weight,0.426968365907669,0.0120148230344057,12288
96,7,w_gate.weight,0.4531485438346863,0.0398353934288024,12288
96,7,w_up.weight,0.3982636630535126,0.0214208699762821,12288
96,7,w_down.weight,0.3389285504817962,0.0200354121625423,12288
171,0,w_gate.weight,0.4677886068820953,0.0369282849133014,21888
171,0,w_up.weight,0.4330910146236419,0.0406641811132431,21888
171,0,w_down.weight,0.4893573224544525,0.0220707207918167,21888
171,1,w_gate.weight,0.3970589637756347,0.0274394787847995,21888
171,1,w_up.weight,0.3496236801147461,0.0163642391562461,21888
171,1,w_down.weight,0.3295881748199463,0.0353815108537673,21888
171,2,w_gate.weight,0.3698667585849762,0.0153560619801282,21888
171,2,w_up.weight,0.3916572332382202,0.0436461940407753,21888
171,2,w_down.weight,0.389861524105072,0.0113260485231876,21888
171,3,w_gate.weight,0.4276939630508423,0.0291751846671104,21888
171,3,w_up.weight,0.4464105665683746,0.0277191959321498,21888
171,3,w_down.weight,0.3557309806346893,0.0125417103990912,21888
171,4,w_gate.weight,0.3311409652233124,0.0079682189971208,21888
171,4,w_up.weight,0.3813953995704651,0.0213025826960802,21888
171,4,w_down.weight,0.3751592338085174,0.0113301500678062,21888
171,5,w_gate.weight,0.4481227695941925,0.0331006348133087,21888
171,5,w_up.weight,0.4492708444595337,0.031961940228939,21888
171,5,w_down.weight,0.4278282523155212,0.0241931192576885,21888
171,6,w_gate.weight,0.3193538784980774,0.0094679808244109,21888
171,6,w_up.weight,0.3403111398220062,0.0240987315773963,21888
171,6,w_down.weight,0.358921080827713,0.0142858615145087,21888
171,7,w_gate.weight,0.3281639218330383,0.036724641919136,21888
171,7,w_up.weight,0.3678258061408996,0.0120770074427127,21888
171,7,w_down.weight,0.3346290290355682,0.046076014637947,21888
341,0,w_gate.weight,0.4594435393810272,0.0372831374406814,43648
341,0,w_up.weight,0.466363251209259,0.0336718037724494,43648
341,0,w_down.weight,0.3949121534824371,0.0173192210495471,43648
341,1,w_gate.weight,0.3608171641826629,0.0083138439804315,43648
341,1,w_up.weight,0.3639920949935913,0.0054010245949029,43648
341,1,w_down.weight,0.312940239906311,0.005022251047194,43648
341,2,w_gate.weight,0.4982092976570129,0.0210794769227504,43648
341,2,w_up.weight,0.4074581861495971,0.0486319959163665,43648
341,2,w_down.weight,0.4282398223876953,0.0188007578253746,43648
341,3,w_gate.weight,0.3193173408508301,0.0107799228280782,43648
341,3,w_up.weight,0.3182659149169922,0.0054581980220973,43648
341,3,w_down.weight,0.2249747961759567,0.0057494929060339,43648
341,4,w_gate.weight,0.2423653155565261,0.013282623142004,43648
341,4,w_up.weight,0.2654299437999725,0.0218413472175598,43648
341,4,w_down.weight,0.2521477937698364,0.0131611907854676,43648
341,5,w_gate.weight,0.3823147416114807,0.0266530960798263,43648
341,5,w_up.weight,0.355394959449768,0.0192140154540538,43648
341,5,w_down.weight,0.2718617618083954,0.0270200483500957,43648
341,6,w_gate.weight,0.4353688955307007,0.0144635429605841,43648
341,6,w_up.weight,0.4472573399543762,0.0212691687047481,43648
341,6,w_down.weight,0.4208870828151703,0.014207137748599,43648
341,7,w_gate.weight,0.4176300764083862,0.0443824417889118,43648
341,7,w_up.weight,0.4616402983665466,0.0463762879371643,43648
341,7,w_down.weight,0.3594022095203399,0.0270850304514169,43648
682,0,w_gate.weight,0.3880767524242401,0.0124207157641649,87296
682,0,w_up.weight,0.3592488467693329,0.0402204617857933,87296
682,0,w_down.weight,0.2964390218257904,0.0223790425807237,87296
682,1,w_gate.weight,0.462741494178772,0.0303694270551204,87296
682,1,w_up.weight,0.4641283452510834,0.0282928645610809,87296
682,1,w_down.weight,0.3493895828723907,0.0294812768697738,87296
682,2,w_gate.weight,0.344900906085968,0.0141901960596442,87296
682,2,w_up.weight,0.314110666513443,0.0380624011158943,87296
682,2,w_down.weight,0.3198855221271515,0.0183707643300294,87296
682,3,w_gate.weight,0.5148828625679016,0.0248084720224142,87296
682,3,w_up.weight,0.3949881792068481,0.0145043795928359,87296
682,3,w_down.weight,0.3687644302845001,0.0155656188726425,87296
682,4,w_gate.weight,0.3858163058757782,0.0411950014531612,87296
682,4,w_up.weight,0.2811438739299774,0.0245018005371093,87296
682,4,w_down.weight,0.3818713724613189,0.0158267766237258,87296
682,5,w_gate.weight,0.3862667679786682,0.0148680992424488,87296
682,5,w_up.weight,0.376260906457901,0.0149544514715671,87296
682,5,w_down.weight,0.3451185524463653,0.0120931304991245,87296
682,6,w_gate.weight,0.3861294388771057,0.028605593368411,87296
682,6,w_up.weight,0.3628945350646972,0.0175925530493259,87296
682,6,w_down.weight,0.382276326417923,0.0325819700956344,87296
682,7,w_gate.weight,0.4247699379920959,0.0194367431104183,87296
682,7,w_up.weight,0.4316279590129852,0.0194370821118354,87296
682,7,w_down.weight,0.3746577799320221,0.0146946758031845,87296
1024,0,w_gate.weight,0.396211713552475,0.0150475092232227,131072
1024,0,w_up.weight,0.4218783676624298,0.0153714409098029,131072
1024,0,w_down.weight,0.3997825980186462,0.0129026714712381,131072
1024,1,w_gate.weight,0.402786523103714,0.0159130822867155,131072
1024,1,w_up.weight,0.3865309357643127,0.0286761801689863,131072
1024,1,w_down.weight,0.2299055308103561,0.0112377619370818,131072
1024,2,w_gate.weight,0.336165189743042,0.0369824022054672,131072
1024,2,w_up.weight,0.3109250366687774,0.0236217938363552,131072
1024,2,w_down.weight,0.2788066267967224,0.0176870375871658,131072
1024,3,w_gate.weight,0.3986565172672272,0.0366662070155143,131072
1024,3,w_up.weight,0.3547326624393463,0.0309628508985042,131072
1024,3,w_down.weight,0.3208659291267395,0.0190761052072048,131072
1024,4,w_gate.weight,0.3510278761386871,0.0130595751106739,131072
1024,4,w_up.weight,0.3305566608905792,0.0259811002761125,131072
1024,4,w_down.weight,0.284075915813446,0.023752799257636,131072
1024,5,w_gate.weight,0.416523814201355,0.016078820452094,131072
1024,5,w_up.weight,0.3596044480800628,0.0121237095445394,131072
1024,5,w_down.weight,0.3937790691852569,0.009176667779684,131072
1024,6,w_gate.weight,0.3920111954212188,0.0322696566581726,131072
1024,6,w_up.weight,0.3929121494293213,0.0269472617655992,131072
1024,6,w_down.weight,0.3403173387050628,0.0189420934766531,131072
1024,7,w_gate.weight,0.4303080141544342,0.0110881812870502,131072
1024,7,w_up.weight,0.4155180156230926,0.0114146061241626,131072
1024,7,w_down.weight,0.3419254422187805,0.0075217392295598,131072
