p,seed,param_name,group,bits,A_b
59,0,W_K.weight,attention,2,0.984375
59,0,W_K.weight,attention,3,0.822265625
59,0,W_K.weight,attention,4,0.435546875
59,0,W_K.weight,attention,5,0.203125
59,0,W_K.weight,attention,6,0.08984375
59,0,W_K.weight,attention,8,0.03125
59,0,W_K.weight,attention,10,0.00390625
59,0,W_K.weight,attention,12,0.001953125
59,0,W_K.weight,attention,16,0.0
59,0,W_K.weight,attention,23,0.0
59,0,W_O.weight,attention,2,0.977294921875
59,0,W_O.weight,attention,3,0.62353515625
59,0,W_O.weight,attention,4,0.33428955078125
59,0,W_O.weight,attention,5,0.1485595703125
59,0,W_O.weight,attention,6,0.07159423828125
59,0,W_O.weight,attention,8,0.01806640625
59,0,W_O.weight,attention,10,0.0047607421875
59,0,W_O.weight,attention,12,0.00140380859375
59,0,W_O.weight,attention,16,0.0001220703125
59,0,W_O.weight,attention,23,0.0
59,0,W_Q.weight,attention,2,0.76953125
59,0,W_Q.weight,attention,3,0.291015625
59,0,W_Q.weight,attention,4,0.033203125
59,0,W_Q.weight,attention,5,0.015625
59,0,W_Q.weight,attention,6,0.005859375
59,0,W_Q.weight,attention,8,0.0
59,0,W_Q.weight,attention,10,0.0
59,0,W_Q.weight,attention,12,0.0
59,0,W_Q.weight,attention,16,0.0
59,0,W_Q.weight,attention,23,0.0
59,0,W_V.weight,attention,2,0.979736328125
59,0,W_V.weight,attention,3,0.62353515625
59,0,W_V.weight,attention,4,0.3177490234375
59,0,W_V.weight,attention,5,0.13800048828125
59,0,W_V.weight,attention,6,0.062255859375
59,0,W_V.weight,attention,8,0.012451171875
59,0,W_V.weight,attention,10,0.00299072265625
59,0,W_V.weight,attention,12,0.00091552734375
59,0,W_V.weight,attention,16,0.0
59,0,W_V.weight,attention,23,0.0
59,0,embed.weight,embedding,2,0.966015625
59,0,embed.weight,embedding,3,0.6024739583333333
59,0,embed.weight,embedding,4,0.27578125
59,0,embed.weight,embedding,5,0.1381510416666666
59,0,embed.weight,embedding,6,0.0631510416666666
59,0,embed.weight,embedding,8,0.0140625
59,0,embed.weight,embedding,10,0.0033854166666666
59,0,embed.weight,embedding,12,0.0009114583333333
59,0,embed.weight,embedding,16,0.0
59,0,embed.weight,embedding,23,0.0
59,0,pos_embed.weight,embedding,2,0.9036458333333334
59,0,pos_embed.weight,embedding,3,0.734375
59,0,pos_embed.weight,embedding,4,0.3463541666666667
59,0,pos_embed.weight,embedding,5,0.0833333333333333
59,0,pos_embed.weight,embedding,6,0.0494791666666666
59,0,pos_embed.weight,embedding,8,0.0130208333333333
59,0,pos_embed.weight,embedding,10,0.0026041666666666
59,0,pos_embed.weight,embedding,12,0.0
59,0,pos_embed.weight,embedding,16,0.0
59,0,pos_embed.weight,embedding,23,0.0
59,0,unembed.weight,unembed,2,0.9845074152542372
59,0,unembed.weight,unembed,3,0.7960805084745762
59,0,unembed.weight,unembed,4,0.5289989406779662
59,0,unembed.weight,unembed,5,0.2711864406779661
59,0,unembed.weight,unembed,6,0.1347987288135593
59,0,unembed.weight,unembed,8,0.0316472457627118
59,0,unembed.weight,unembed,10,0.0076800847457627
59,0,unembed.weight,unembed,12,0.001853813559322
59,0,unembed.weight,unembed,16,0.0
59,0,unembed.weight,unembed,23,0.0
59,0,w_down.weight,mlp,2,0.9542017961876832
59,0,w_down.weight,mlp,3,0.7628528225806451
59,0,w_down.weight,mlp,4,0.5550311583577713
59,0,w_down.weight,mlp,5,0.3663856304985337
59,0,w_down.weight,mlp,6,0.2036290322580645
59,0,w_down.weight,mlp,8,0.0522131598240469
59,0,w_down.weight,mlp,10,0.0129444648093841
59,0,w_down.weight,mlp,12,0.003024193548387
59,0,w_down.weight,mlp,16,0.0001603739002932
59,0,w_down.weight,mlp,23,0.0
59,0,w_gate.weight,mlp,2,0.9544309017595308
59,0,w_gate.weight,mlp,3,0.7306405791788856
59,0,w_gate.weight,mlp,4,0.5129902859237536
59,0,w_gate.weight,mlp,5,0.3167842741935484
59,0,w_gate.weight,mlp,6,0.1812912390029325
59,0,w_gate.weight,mlp,8,0.0477456011730205
59,0,w_gate.weight,mlp,10,0.0133110337243401
59,0,w_gate.weight,mlp,12,0.0032074780058651
59,0,w_gate.weight,mlp,16,0.0001603739002932
59,0,w_gate.weight,mlp,23,0.0
59,0,w_up.weight,mlp,2,0.9082203079178884
59,0,w_up.weight,mlp,3,0.6716688049853372
59,0,w_up.weight,mlp,4,0.4910190615835777
59,0,w_up.weight,mlp,5,0.3368310117302053
59,0,w_up.weight,mlp,6,0.2081653225806451
59,0,w_up.weight,mlp,8,0.0562912390029325
59,0,w_up.weight,mlp,10,0.0124862536656891
59,0,w_up.weight,mlp,12,0.003024193548387
59,0,w_up.weight,mlp,16,0.0001374633431085
59,0,w_up.weight,mlp,23,0.0
59,1,W_K.weight,attention,2,0.68359375
59,1,W_K.weight,attention,3,0.05078125
59,1,W_K.weight,attention,4,0.013671875
59,1,W_K.weight,attention,5,0.001953125
59,1,W_K.weight,attention,6,0.001953125
59,1,W_K.weight,attention,8,0.0
59,1,W_K.weight,attention,10,0.0
59,1,W_K.weight,attention,12,0.0
59,1,W_K.weight,attention,16,0.0
59,1,W_K.weight,attention,23,0.0
59,1,W_O.weight,attention,2,0.9554443359375
59,1,W_O.weight,attention,3,0.734619140625
59,1,W_O.weight,attention,4,0.54327392578125
59,1,W_O.weight,attention,5,0.32781982421875
59,1,W_O.weight,attention,6,0.08892822265625
59,1,W_O.weight,attention,8,0.02423095703125
59,1,W_O.weight,attention,10,0.00469970703125
59,1,W_O.weight,attention,12,0.00384521484375
59,1,W_O.weight,attention,16,0.0
59,1,W_O.weight,attention,23,0.0
59,1,W_Q.weight,attention,2,0.623046875
59,1,W_Q.weight,attention,3,0.0
59,1,W_Q.weight,attention,4,0.0
59,1,W_Q.weight,attention,5,0.0
59,1,W_Q.weight,attention,6,0.0
59,1,W_Q.weight,attention,8,0.0
59,1,W_Q.weight,attention,10,0.0
59,1,W_Q.weight,attention,12,0.0
59,1,W_Q.weight,attention,16,0.0
59,1,W_Q.weight,attention,23,0.0
59,1,W_V.weight,attention,2,0.9805908203125
59,1,W_V.weight,attention,3,0.61761474609375
59,1,W_V.weight,attention,4,0.2701416015625
59,1,W_V.weight,attention,5,0.1234130859375
59,1,W_V.weight,attention,6,0.0391845703125
59,1,W_V.weight,attention,8,0.00726318359375
59,1,W_V.weight,attention,10,0.00177001953125
59,1,W_V.weight,attention,12,0.0003662109375
59,1,W_V.weight,attention,16,6.103515625e-05
59,1,W_V.weight,attention,23,0.0
59,1,embed.weight,embedding,2,0.9916666666666668
59,1,embed.weight,embedding,3,0.8634114583333333
59,1,embed.weight,embedding,4,0.523828125
59,1,embed.weight,embedding,5,0.2545572916666667
59,1,embed.weight,embedding,6,0.1236979166666666
59,1,embed.weight,embedding,8,0.0302083333333333
59,1,embed.weight,embedding,10,0.0075520833333333
59,1,embed.weight,embedding,12,0.0020833333333333
59,1,embed.weight,embedding,16,0.0
59,1,embed.weight,embedding,23,0.0
59,1,pos_embed.weight,embedding,2,0.8203125
59,1,pos_embed.weight,embedding,3,0.7135416666666666
59,1,pos_embed.weight,embedding,4,0.65625
59,1,pos_embed.weight,embedding,5,0.5364583333333334
59,1,pos_embed.weight,embedding,6,0.2890625
59,1,pos_embed.weight,embedding,8,0.0130208333333333
59,1,pos_embed.weight,embedding,10,0.0052083333333333
59,1,pos_embed.weight,embedding,12,0.0026041666666666
59,1,pos_embed.weight,embedding,16,0.0
59,1,pos_embed.weight,embedding,23,0.0
59,1,unembed.weight,unembed,2,0.9838453389830508
59,1,unembed.weight,unembed,3,0.8017743644067796
59,1,unembed.weight,unembed,4,0.4745762711864407
59,1,unembed.weight,unembed,5,0.2325211864406779
59,1,unembed.weight,unembed,6,0.1159957627118644
59,1,unembed.weight,unembed,8,0.0299258474576271
59,1,unembed.weight,unembed,10,0.0080773305084745
59,1,unembed.weight,unembed,12,0.0015889830508474
59,1,unembed.weight,unembed,16,0.0
59,1,unembed.weight,unembed,23,0.0
59,1,w_down.weight,mlp,2,0.9701933651026392
59,1,w_down.weight,mlp,3,0.8570839442815249
59,1,w_down.weight,mlp,4,0.7766220674486803
59,1,w_down.weight,mlp,5,0.6666972140762464
59,1,w_down.weight,mlp,6,0.4480846774193548
59,1,w_down.weight,mlp,8,0.126466275659824
59,1,w_down.weight,mlp,10,0.0315478372434017
59,1,w_down.weight,mlp,12,0.0084998167155425
59,1,w_down.weight,mlp,16,0.0005269428152492
59,1,w_down.weight,mlp,23,0.0
59,1,w_gate.weight,mlp,2,0.9495967741935484
59,1,w_gate.weight,mlp,3,0.8283770161290323
59,1,w_gate.weight,mlp,4,0.7537802419354839
59,1,w_gate.weight,mlp,5,0.6687591642228738
59,1,w_gate.weight,mlp,6,0.4806176686217008
59,1,w_gate.weight,mlp,8,0.1367989369501466
59,1,w_gate.weight,mlp,10,0.0351218841642228
59,1,w_gate.weight,mlp,12,0.0083394428152492
59,1,w_gate.weight,mlp,16,0.0004353005865102
59,1,w_gate.weight,mlp,23,0.0
59,1,w_up.weight,mlp,2,0.9240973240469208
59,1,w_up.weight,mlp,3,0.8087197580645161
59,1,w_up.weight,mlp,4,0.7216367302052786
59,1,w_up.weight,mlp,5,0.6269015762463344
59,1,w_up.weight,mlp,6,0.4534228372434017
59,1,w_up.weight,mlp,8,0.135378482404692
59,1,w_up.weight,mlp,10,0.0340221774193548
59,1,w_up.weight,mlp,12,0.0084081744868035
59,1,w_up.weight,mlp,16,0.0008018695014662
59,1,w_up.weight,mlp,23,0.0
59,2,W_K.weight,attention,2,0.958984375
59,2,W_K.weight,attention,3,0.4609375
59,2,W_K.weight,attention,4,0.23046875
59,2,W_K.weight,attention,5,0.111328125
59,2,W_K.weight,attention,6,0.056640625
59,2,W_K.weight,attention,8,0.01171875
59,2,W_K.weight,attention,10,0.0
59,2,W_K.weight,attention,12,0.0
59,2,W_K.weight,attention,16,0.0
59,2,W_K.weight,attention,23,0.0
59,2,W_O.weight,attention,2,0.955810546875
59,2,W_O.weight,attention,3,0.790283203125
59,2,W_O.weight,attention,4,0.62481689453125
59,2,W_O.weight,attention,5,0.46722412109375
59,2,W_O.weight,attention,6,0.33526611328125
59,2,W_O.weight,attention,8,0.20574951171875
59,2,W_O.weight,attention,10,0.06756591796875
59,2,W_O.weight,attention,12,0.0120849609375
59,2,W_O.weight,attention,16,0.00067138671875
59,2,W_O.weight,attention,23,0.0
59,2,W_Q.weight,attention,2,0.587890625
59,2,W_Q.weight,attention,3,0.005859375
59,2,W_Q.weight,attention,4,0.005859375
59,2,W_Q.weight,attention,5,0.001953125
59,2,W_Q.weight,attention,6,0.0
59,2,W_Q.weight,attention,8,0.0
59,2,W_Q.weight,attention,10,0.0
59,2,W_Q.weight,attention,12,0.0
59,2,W_Q.weight,attention,16,0.0
59,2,W_Q.weight,attention,23,0.0
59,2,W_V.weight,attention,2,0.98583984375
59,2,W_V.weight,attention,3,0.87548828125
59,2,W_V.weight,attention,4,0.60455322265625
59,2,W_V.weight,attention,5,0.331298828125
59,2,W_V.weight,attention,6,0.1746826171875
59,2,W_V.weight,attention,8,0.04547119140625
59,2,W_V.weight,attention,10,0.0113525390625
59,2,W_V.weight,attention,12,0.003173828125
59,2,W_V.weight,attention,16,6.103515625e-05
59,2,W_V.weight,attention,23,0.0
59,2,embed.weight,embedding,2,0.92109375
59,2,embed.weight,embedding,3,0.6393229166666666
59,2,embed.weight,embedding,4,0.3626302083333333
59,2,embed.weight,embedding,5,0.1618489583333333
59,2,embed.weight,embedding,6,0.0765625
59,2,embed.weight,embedding,8,0.0166666666666666
59,2,embed.weight,embedding,10,0.0044270833333333
59,2,embed.weight,embedding,12,0.0010416666666666
59,2,embed.weight,embedding,16,0.0
59,2,embed.weight,embedding,23,0.0
59,2,pos_embed.weight,embedding,2,0.9375
59,2,pos_embed.weight,embedding,3,0.9192708333333334
59,2,pos_embed.weight,embedding,4,0.796875
59,2,pos_embed.weight,embedding,5,0.2135416666666666
59,2,pos_embed.weight,embedding,6,0.0625
59,2,pos_embed.weight,embedding,8,0.0130208333333333
59,2,pos_embed.weight,embedding,10,0.0052083333333333
59,2,pos_embed.weight,embedding,12,0.0026041666666666
59,2,pos_embed.weight,embedding,16,0.0
59,2,pos_embed.weight,embedding,23,0.0
59,2,unembed.weight,unembed,2,0.9657044491525424
59,2,unembed.weight,unembed,3,0.5880561440677966
59,2,unembed.weight,unembed,4,0.2525158898305085
59,2,unembed.weight,unembed,5,0.1186440677966101
59,2,unembed.weight,unembed,6,0.0564088983050847
59,2,unembed.weight,unembed,8,0.0145656779661016
59,2,unembed.weight,unembed,10,0.0033103813559322
59,2,unembed.weight,unembed,12,0.0007944915254237
59,2,unembed.weight,unembed,16,0.0
59,2,unembed.weight,unembed,23,0.0
59,2,w_down.weight,mlp,2,0.9572489002932552
59,2,w_down.weight,mlp,3,0.7730480205278593
59,2,w_down.weight,mlp,4,0.5774376832844574
59,2,w_down.weight,mlp,5,0.4009805718475073
59,2,w_down.weight,mlp,6,0.2498625366568914
59,2,w_down.weight,mlp,8,0.0632560483870967
59,2,w_down.weight,mlp,10,0.0160144794721407
59,2,w_down.weight,mlp,12,0.0038260630498533
59,2,w_down.weight,mlp,16,0.0003207478005865
59,2,w_down.weight,mlp,23,0.0
59,2,w_gate.weight,mlp,2,0.901484604105572
59,2,w_gate.weight,mlp,3,0.5903592375366569
59,2,w_gate.weight,mlp,4,0.4383476906158358
59,2,w_gate.weight,mlp,5,0.288879215542522
59,2,w_gate.weight,mlp,6,0.166353555718475
59,2,w_gate.weight,mlp,8,0.0557413856304985
59,2,w_gate.weight,mlp,10,0.0146856671554252
59,2,w_gate.weight,mlp,12,0.0034594941348973
59,2,w_gate.weight,mlp,16,6.87316715542522e-05
59,2,w_gate.weight,mlp,23,0.0
59,2,w_up.weight,mlp,2,0.8571297653958945
59,2,w_up.weight,mlp,3,0.6178977272727273
59,2,w_up.weight,mlp,4,0.4522543988269795
59,2,w_up.weight,mlp,5,0.3020069648093841
59,2,w_up.weight,mlp,6,0.1754261363636363
59,2,w_up.weight,mlp,8,0.0470811950146627
59,2,w_up.weight,mlp,10,0.0126924486803519
59,2,w_up.weight,mlp,12,0.0031616568914956
59,2,w_up.weight,mlp,16,0.0001145527859237
59,2,w_up.weight,mlp,23,0.0
59,3,W_K.weight,attention,2,0.98828125
59,3,W_K.weight,attention,3,0.8671875
59,3,W_K.weight,attention,4,0.671875
59,3,W_K.weight,attention,5,0.533203125
59,3,W_K.weight,attention,6,0.330078125
59,3,W_K.weight,attention,8,0.0859375
59,3,W_K.weight,attention,10,0.017578125
59,3,W_K.weight,attention,12,0.001953125
59,3,W_K.weight,attention,16,0.0
59,3,W_K.weight,attention,23,0.0
59,3,W_O.weight,attention,2,0.98480224609375
59,3,W_O.weight,attention,3,0.71630859375
59,3,W_O.weight,attention,4,0.44549560546875
59,3,W_O.weight,attention,5,0.265625
59,3,W_O.weight,attention,6,0.1136474609375
59,3,W_O.weight,attention,8,0.0260009765625
59,3,W_O.weight,attention,10,0.00665283203125
59,3,W_O.weight,attention,12,0.00189208984375
59,3,W_O.weight,attention,16,0.00030517578125
59,3,W_O.weight,attention,23,0.0
59,3,W_Q.weight,attention,2,0.85546875
59,3,W_Q.weight,attention,3,0.5
59,3,W_Q.weight,attention,4,0.49609375
59,3,W_Q.weight,attention,5,0.27734375
59,3,W_Q.weight,attention,6,0.15625
59,3,W_Q.weight,attention,8,0.015625
59,3,W_Q.weight,attention,10,0.001953125
59,3,W_Q.weight,attention,12,0.001953125
59,3,W_Q.weight,attention,16,0.0
59,3,W_Q.weight,attention,23,0.0
59,3,W_V.weight,attention,2,0.9862060546875
59,3,W_V.weight,attention,3,0.7620849609375
59,3,W_V.weight,attention,4,0.39404296875
59,3,W_V.weight,attention,5,0.19281005859375
59,3,W_V.weight,attention,6,0.0885009765625
59,3,W_V.weight,attention,8,0.02313232421875
59,3,W_V.weight,attention,10,0.0064697265625
59,3,W_V.weight,attention,12,0.00152587890625
59,3,W_V.weight,attention,16,6.103515625e-05
59,3,W_V.weight,attention,23,0.0
59,3,embed.weight,embedding,2,0.9743489583333332
59,3,embed.weight,embedding,3,0.74296875
59,3,embed.weight,embedding,4,0.404296875
59,3,embed.weight,embedding,5,0.1927083333333333
59,3,embed.weight,embedding,6,0.09453125
59,3,embed.weight,embedding,8,0.0227864583333333
59,3,embed.weight,embedding,10,0.0046875
59,3,embed.weight,embedding,12,0.0013020833333333
59,3,embed.weight,embedding,16,0.0001302083333333
59,3,embed.weight,embedding,23,0.0
59,3,pos_embed.weight,embedding,2,0.9296875
59,3,pos_embed.weight,embedding,3,0.78125
59,3,pos_embed.weight,embedding,4,0.6901041666666666
59,3,pos_embed.weight,embedding,5,0.3671875
59,3,pos_embed.weight,embedding,6,0.0130208333333333
59,3,pos_embed.weight,embedding,8,0.0026041666666666
59,3,pos_embed.weight,embedding,10,0.0026041666666666
59,3,pos_embed.weight,embedding,12,0.0
59,3,pos_embed.weight,embedding,16,0.0
59,3,pos_embed.weight,embedding,23,0.0
59,3,unembed.weight,unembed,2,0.9732521186440678
59,3,unembed.weight,unembed,3,0.7567531779661016
59,3,unembed.weight,unembed,4,0.4592161016949153
59,3,unembed.weight,unembed,5,0.2126588983050847
59,3,unembed.weight,unembed,6,0.097457627118644
59,3,unembed.weight,unembed,8,0.0213188559322033
59,3,unembed.weight,unembed,10,0.0045021186440677
59,3,unembed.weight,unembed,12,0.0007944915254237
59,3,unembed.weight,unembed,16,0.0
59,3,unembed.weight,unembed,23,0.0
59,3,w_down.weight,mlp,2,0.9595399560117304
59,3,w_down.weight,mlp,3,0.7933009530791789
59,3,w_down.weight,mlp,4,0.6357221407624634
59,3,w_down.weight,mlp,5,0.493653775659824
59,3,w_down.weight,mlp,6,0.3231992302052786
59,3,w_down.weight,mlp,8,0.0960868768328445
59,3,w_down.weight,mlp,10,0.0229792888563049
59,3,w_down.weight,mlp,12,0.0055672653958944
59,3,w_down.weight,mlp,16,0.0004353005865102
59,3,w_down.weight,mlp,23,0.0
59,3,w_gate.weight,mlp,2,0.9448313782991202
59,3,w_gate.weight,mlp,3,0.7633568548387096
59,3,w_gate.weight,mlp,4,0.6320106304985337
59,3,w_gate.weight,mlp,5,0.5135401392961877
59,3,w_gate.weight,mlp,6,0.3385263929618768
59,3,w_gate.weight,mlp,8,0.0867164589442815
59,3,w_gate.weight,mlp,10,0.0226127199413489
59,3,w_gate.weight,mlp,12,0.0058880131964809
59,3,w_gate.weight,mlp,16,0.0004123900293255
59,3,w_gate.weight,mlp,23,0.0
59,3,w_up.weight,mlp,2,0.9414177052785924
59,3,w_up.weight,mlp,3,0.6852547653958945
59,3,w_up.weight,mlp,4,0.5825925586510264
59,3,w_up.weight,mlp,5,0.4948451246334311
59,3,w_up.weight,mlp,6,0.3239094574780058
59,3,w_up.weight,mlp,8,0.0845170454545454
59,3,w_up.weight,mlp,10,0.0196343475073313
59,3,w_up.weight,mlp,12,0.0046966642228739
59,3,w_up.weight,mlp,16,0.0001603739002932
59,3,w_up.weight,mlp,23,0.0
59,5,W_K.weight,attention,2,0.8828125
59,5,W_K.weight,attention,3,0.78515625
59,5,W_K.weight,attention,4,0.521484375
59,5,W_K.weight,attention,5,0.302734375
59,5,W_K.weight,attention,6,0.185546875
59,5,W_K.weight,attention,8,0.046875
59,5,W_K.weight,attention,10,0.013671875
59,5,W_K.weight,attention,12,0.00390625
59,5,W_K.weight,attention,16,0.0
59,5,W_K.weight,attention,23,0.0
59,5,W_O.weight,attention,2,0.96185302734375
59,5,W_O.weight,attention,3,0.52471923828125
59,5,W_O.weight,attention,4,0.23602294921875
59,5,W_O.weight,attention,5,0.11090087890625
59,5,W_O.weight,attention,6,0.05682373046875
59,5,W_O.weight,attention,8,0.01287841796875
59,5,W_O.weight,attention,10,0.00274658203125
59,5,W_O.weight,attention,12,0.0006103515625
59,5,W_O.weight,attention,16,0.0
59,5,W_O.weight,attention,23,0.0
59,5,W_Q.weight,attention,2,0.01171875
59,5,W_Q.weight,attention,3,0.0
59,5,W_Q.weight,attention,4,0.0
59,5,W_Q.weight,attention,5,0.0
59,5,W_Q.weight,attention,6,0.0
59,5,W_Q.weight,attention,8,0.0
59,5,W_Q.weight,attention,10,0.0
59,5,W_Q.weight,attention,12,0.0
59,5,W_Q.weight,attention,16,0.0
59,5,W_Q.weight,attention,23,0.0
59,5,W_V.weight,attention,2,0.95343017578125
59,5,W_V.weight,attention,3,0.61346435546875
59,5,W_V.weight,attention,4,0.29345703125
59,5,W_V.weight,attention,5,0.13018798828125
59,5,W_V.weight,attention,6,0.0633544921875
59,5,W_V.weight,attention,8,0.015869140625
59,5,W_V.weight,attention,10,0.00445556640625
59,5,W_V.weight,attention,12,0.0009765625
59,5,W_V.weight,attention,16,6.103515625e-05
59,5,W_V.weight,attention,23,0.0
59,5,embed.weight,embedding,2,0.869921875
59,5,embed.weight,embedding,3,0.4225260416666667
59,5,embed.weight,embedding,4,0.1934895833333333
59,5,embed.weight,embedding,5,0.0645833333333333
59,5,embed.weight,embedding,6,0.0296875
59,5,embed.weight,embedding,8,0.0055989583333333
59,5,embed.weight,embedding,10,0.001171875
59,5,embed.weight,embedding,12,0.0005208333333333
59,5,embed.weight,embedding,16,0.0
59,5,embed.weight,embedding,23,0.0
59,5,pos_embed.weight,embedding,2,0.8098958333333334
59,5,pos_embed.weight,embedding,3,0.1067708333333333
59,5,pos_embed.weight,embedding,4,0.0390625
59,5,pos_embed.weight,embedding,5,0.0260416666666666
59,5,pos_embed.weight,embedding,6,0.0130208333333333
59,5,pos_embed.weight,embedding,8,0.0
59,5,pos_embed.weight,embedding,10,0.0
59,5,pos_embed.weight,embedding,12,0.0
59,5,pos_embed.weight,embedding,16,0.0
59,5,pos_embed.weight,embedding,23,0.0
59,5,unembed.weight,unembed,2,0.9952330508474576
59,5,unembed.weight,unembed,3,0.9165783898305084
59,5,unembed.weight,unembed,4,0.6724046610169492
59,5,unembed.weight,unembed,5,0.3587129237288136
59,5,unembed.weight,unembed,6,0.1725370762711864
59,5,unembed.weight,unembed,8,0.0446239406779661
59,5,unembed.weight,unembed,10,0.0116525423728813
59,5,unembed.weight,unembed,12,0.0026483050847457
59,5,unembed.weight,unembed,16,0.0
59,5,unembed.weight,unembed,23,0.0
59,5,w_down.weight,mlp,2,0.98022818914956
59,5,w_down.weight,mlp,3,0.9121609237536656
59,5,w_down.weight,mlp,4,0.8133018695014663
59,5,w_down.weight,mlp,5,0.6843154325513197
59,5,w_down.weight,mlp,6,0.4261821847507331
59,5,w_down.weight,mlp,8,0.1118951612903225
59,5,w_down.weight,mlp,10,0.0282258064516129
59,5,w_down.weight,mlp,12,0.0073084677419354
59,5,w_down.weight,mlp,16,0.000458211143695
59,5,w_down.weight,mlp,23,0.0
59,5,w_gate.weight,mlp,2,0.9895298753665688
59,5,w_gate.weight,mlp,3,0.9028821480938416
59,5,w_gate.weight,mlp,4,0.7893832478005866
59,5,w_gate.weight,mlp,5,0.6630086143695014
59,5,w_gate.weight,mlp,6,0.5104701246334311
59,5,w_gate.weight,mlp,8,0.1344162390029325
59,5,w_gate.weight,mlp,10,0.0282945381231671
59,5,w_gate.weight,mlp,12,0.0070106304985337
59,5,w_gate.weight,mlp,16,0.0003207478005865
59,5,w_gate.weight,mlp,23,0.0
59,5,w_up.weight,mlp,2,0.9580736803519062
59,5,w_up.weight,mlp,3,0.8603143328445748
59,5,w_up.weight,mlp,4,0.7556130865102639
59,5,w_up.weight,mlp,5,0.6511180351906158
59,5,w_up.weight,mlp,6,0.4945014662756598
59,5,w_up.weight,mlp,8,0.1447030791788856
59,5,w_up.weight,mlp,10,0.0331515762463343
59,5,w_up.weight,mlp,12,0.008087426686217
59,5,w_up.weight,mlp,16,0.0005269428152492
59,5,w_up.weight,mlp,23,0.0
59,6,W_K.weight,attention,2,0.94921875
59,6,W_K.weight,attention,3,0.662109375
59,6,W_K.weight,attention,4,0.46484375
59,6,W_K.weight,attention,5,0.271484375
59,6,W_K.weight,attention,6,0.1328125
59,6,W_K.weight,attention,8,0.02734375
59,6,W_K.weight,attention,10,0.009765625
59,6,W_K.weight,attention,12,0.0
59,6,W_K.weight,attention,16,0.0
59,6,W_K.weight,attention,23,0.0
59,6,W_O.weight,attention,2,0.967041015625
59,6,W_O.weight,attention,3,0.5992431640625
59,6,W_O.weight,attention,4,0.2684326171875
59,6,W_O.weight,attention,5,0.0953369140625
59,6,W_O.weight,attention,6,0.0445556640625
59,6,W_O.weight,attention,8,0.009521484375
59,6,W_O.weight,attention,10,0.0025634765625
59,6,W_O.weight,attention,12,0.00079345703125
59,6,W_O.weight,attention,16,0.00018310546875
59,6,W_O.weight,attention,23,0.0
59,6,W_Q.weight,attention,2,0.8984375
59,6,W_Q.weight,attention,3,0.0078125
59,6,W_Q.weight,attention,4,0.00390625
59,6,W_Q.weight,attention,5,0.0
59,6,W_Q.weight,attention,6,0.0
59,6,W_Q.weight,attention,8,0.0
59,6,W_Q.weight,attention,10,0.0
59,6,W_Q.weight,attention,12,0.0
59,6,W_Q.weight,attention,16,0.0
59,6,W_Q.weight,attention,23,0.0
59,6,W_V.weight,attention,2,0.97357177734375
59,6,W_V.weight,attention,3,0.5760498046875
59,6,W_V.weight,attention,4,0.2252197265625
59,6,W_V.weight,attention,5,0.10174560546875
59,6,W_V.weight,attention,6,0.0509033203125
59,6,W_V.weight,attention,8,0.01226806640625
59,6,W_V.weight,attention,10,0.003173828125
59,6,W_V.weight,attention,12,0.00091552734375
59,6,W_V.weight,attention,16,0.0
59,6,W_V.weight,attention,23,0.0
59,6,embed.weight,embedding,2,0.9493489583333332
59,6,embed.weight,embedding,3,0.5243489583333333
59,6,embed.weight,embedding,4,0.2481770833333333
59,6,embed.weight,embedding,5,0.1201822916666666
59,6,embed.weight,embedding,6,0.0619791666666666
59,6,embed.weight,embedding,8,0.0147135416666666
59,6,embed.weight,embedding,10,0.002734375
59,6,embed.weight,embedding,12,0.00078125
59,6,embed.weight,embedding,16,0.0
59,6,embed.weight,embedding,23,0.0
59,6,pos_embed.weight,embedding,2,0.8828125
59,6,pos_embed.weight,embedding,3,0.5989583333333334
59,6,pos_embed.weight,embedding,4,0.3802083333333333
59,6,pos_embed.weight,embedding,5,0.1770833333333333
59,6,pos_embed.weight,embedding,6,0.0963541666666666
59,6,pos_embed.weight,embedding,8,0.0338541666666666
59,6,pos_embed.weight,embedding,10,0.0130208333333333
59,6,pos_embed.weight,embedding,12,0.0
59,6,pos_embed.weight,embedding,16,0.0
59,6,pos_embed.weight,embedding,23,0.0
59,6,unembed.weight,unembed,2,0.9924523305084746
59,6,unembed.weight,unembed,3,0.813426906779661
59,6,unembed.weight,unembed,4,0.4819915254237288
59,6,unembed.weight,unembed,5,0.2345074152542373
59,6,unembed.weight,unembed,6,0.112155720338983
59,6,unembed.weight,unembed,8,0.0255561440677966
59,6,unembed.weight,unembed,10,0.0067531779661016
59,6,unembed.weight,unembed,12,0.0022510593220338
59,6,unembed.weight,unembed,16,0.0
59,6,unembed.weight,unembed,23,0.0
59,6,w_down.weight,mlp,2,0.987422104105572
59,6,w_down.weight,mlp,3,0.8751145527859238
59,6,w_down.weight,mlp,4,0.7418667521994134
59,6,w_down.weight,mlp,5,0.5578033357771262
59,6,w_down.weight,mlp,6,0.3345628665689149
59,6,w_down.weight,mlp,8,0.0882743768328445
59,6,w_down.weight,mlp,10,0.0213526392961876
59,6,w_down.weight,mlp,12,0.0055443548387096
59,6,w_down.weight,mlp,16,0.000366568914956
59,6,w_down.weight,mlp,23,0.0
59,6,w_gate.weight,mlp,2,0.995120051319648
59,6,w_gate.weight,mlp,3,0.922974706744868
59,6,w_gate.weight,mlp,4,0.7842971041055719
59,6,w_gate.weight,mlp,5,0.6162023460410557
59,6,w_gate.weight,mlp,6,0.4198817815249266
59,6,w_gate.weight,mlp,8,0.1151484604105571
59,6,w_gate.weight,mlp,10,0.0307459677419354
59,6,w_gate.weight,mlp,12,0.0072168255131964
59,6,w_gate.weight,mlp,16,0.0004353005865102
59,6,w_gate.weight,mlp,23,0.0
59,6,w_up.weight,mlp,2,0.9654737903225806
59,6,w_up.weight,mlp,3,0.8167384530791789
59,6,w_up.weight,mlp,4,0.6775339076246334
59,6,w_up.weight,mlp,5,0.5460731304985337
59,6,w_up.weight,mlp,6,0.3750229105571847
59,6,w_up.weight,mlp,8,0.0973011363636363
59,6,w_up.weight,mlp,10,0.0231167521994134
59,6,w_up.weight,mlp,12,0.0054756231671554
59,6,w_up.weight,mlp,16,0.000274926686217
59,6,w_up.weight,mlp,23,0.0
59,7,W_K.weight,attention,2,0.900390625
59,7,W_K.weight,attention,3,0.35546875
59,7,W_K.weight,attention,4,0.103515625
59,7,W_K.weight,attention,5,0.041015625
59,7,W_K.weight,attention,6,0.021484375
59,7,W_K.weight,attention,8,0.0078125
59,7,W_K.weight,attention,10,0.001953125
59,7,W_K.weight,attention,12,0.0
59,7,W_K.weight,attention,16,0.0
59,7,W_K.weight,attention,23,0.0
59,7,W_O.weight,attention,2,0.968017578125
59,7,W_O.weight,attention,3,0.75762939453125
59,7,W_O.weight,attention,4,0.53936767578125
59,7,W_O.weight,attention,5,0.35662841796875
59,7,W_O.weight,attention,6,0.1983642578125
59,7,W_O.weight,attention,8,0.04425048828125
59,7,W_O.weight,attention,10,0.00933837890625
59,7,W_O.weight,attention,12,0.00262451171875
59,7,W_O.weight,attention,16,0.00018310546875
59,7,W_O.weight,attention,23,0.0
59,7,W_Q.weight,attention,2,0.1484375
59,7,W_Q.weight,attention,3,0.0
59,7,W_Q.weight,attention,4,0.0
59,7,W_Q.weight,attention,5,0.0
59,7,W_Q.weight,attention,6,0.0
59,7,W_Q.weight,attention,8,0.0
59,7,W_Q.weight,attention,10,0.0
59,7,W_Q.weight,attention,12,0.0
59,7,W_Q.weight,attention,16,0.0
59,7,W_Q.weight,attention,23,0.0
59,7,W_V.weight,attention,2,0.97943115234375
59,7,W_V.weight,attention,3,0.55450439453125
59,7,W_V.weight,attention,4,0.28619384765625
59,7,W_V.weight,attention,5,0.142333984375
59,7,W_V.weight,attention,6,0.0733642578125
59,7,W_V.weight,attention,8,0.01739501953125
59,7,W_V.weight,attention,10,0.00439453125
59,7,W_V.weight,attention,12,0.00091552734375
59,7,W_V.weight,attention,16,0.0001220703125
59,7,W_V.weight,attention,23,0.0
59,7,embed.weight,embedding,2,0.9901041666666668
59,7,embed.weight,embedding,3,0.677734375
59,7,embed.weight,embedding,4,0.3471354166666666
59,7,embed.weight,embedding,5,0.1611979166666666
59,7,embed.weight,embedding,6,0.073828125
59,7,embed.weight,embedding,8,0.0192708333333333
59,7,embed.weight,embedding,10,0.0044270833333333
59,7,embed.weight,embedding,12,0.0010416666666666
59,7,embed.weight,embedding,16,0.0001302083333333
59,7,embed.weight,embedding,23,0.0
59,7,pos_embed.weight,embedding,2,0.9375
59,7,pos_embed.weight,embedding,3,0.5494791666666666
59,7,pos_embed.weight,embedding,4,0.3723958333333333
59,7,pos_embed.weight,embedding,5,0.2526041666666667
59,7,pos_embed.weight,embedding,6,0.1354166666666666
59,7,pos_embed.weight,embedding,8,0.0260416666666666
59,7,pos_embed.weight,embedding,10,0.0052083333333333
59,7,pos_embed.weight,embedding,12,0.0026041666666666
59,7,pos_embed.weight,embedding,16,0.0026041666666666
59,7,pos_embed.weight,embedding,23,0.0
59,7,unembed.weight,unembed,2,0.9760328389830508
59,7,unembed.weight,unembed,3,0.7894597457627118
59,7,unembed.weight,unembed,4,0.5511122881355932
59,7,unembed.weight,unembed,5,0.3126324152542373
59,7,unembed.weight,unembed,6,0.1573093220338983
59,7,unembed.weight,unembed,8,0.0377383474576271
59,7,unembed.weight,unembed,10,0.0090042372881355
59,7,unembed.weight,unembed,12,0.0021186440677966
59,7,unembed.weight,unembed,16,0.0001324152542372
59,7,unembed.weight,unembed,23,0.0
59,7,w_down.weight,mlp,2,0.943662939882698
59,7,w_down.weight,mlp,3,0.7262417521994134
59,7,w_down.weight,mlp,4,0.4699184384164223
59,7,w_down.weight,mlp,5,0.2950650659824047
59,7,w_down.weight,mlp,6,0.1526988636363636
59,7,w_down.weight,mlp,8,0.0392228739002932
59,7,w_down.weight,mlp,10,0.0096224340175953
59,7,w_down.weight,mlp,12,0.002107771260997
59,7,w_down.weight,mlp,16,0.000183284457478
59,7,w_down.weight,mlp,23,0.0
59,7,w_gate.weight,mlp,2,0.9298936950146628
59,7,w_gate.weight,mlp,3,0.6166376466275659
59,7,w_gate.weight,mlp,4,0.4109237536656892
59,7,w_gate.weight,mlp,5,0.2655791788856305
59,7,w_gate.weight,mlp,6,0.1650934750733138
59,7,w_gate.weight,mlp,8,0.0472644794721407
59,7,w_gate.weight,mlp,10,0.0117760263929618
59,7,w_gate.weight,mlp,12,0.0026347140762463
59,7,w_gate.weight,mlp,16,0.000183284457478
59,7,w_gate.weight,mlp,23,0.0
59,7,w_up.weight,mlp,2,0.9172928885630498
59,7,w_up.weight,mlp,3,0.6027538489736071
59,7,w_up.weight,mlp,4,0.4086785190615836
59,7,w_up.weight,mlp,5,0.2426915322580645
59,7,w_up.weight,mlp,6,0.1321710043988269
59,7,w_up.weight,mlp,8,0.0345262096774193
59,7,w_up.weight,mlp,10,0.0086831011730205
59,7,w_up.weight,mlp,12,0.0019932184750733
59,7,w_up.weight,mlp,16,2.2910557184750733e-05
59,7,w_up.weight,mlp,23,0.0
59,8,W_K.weight,attention,2,0.931640625
59,8,W_K.weight,attention,3,0.861328125
59,8,W_K.weight,attention,4,0.740234375
59,8,W_K.weight,attention,5,0.482421875
59,8,W_K.weight,attention,6,0.25390625
59,8,W_K.weight,attention,8,0.05859375
59,8,W_K.weight,attention,10,0.015625
59,8,W_K.weight,attention,12,0.0078125
59,8,W_K.weight,attention,16,0.0
59,8,W_K.weight,attention,23,0.0
59,8,W_O.weight,attention,2,0.97882080078125
59,8,W_O.weight,attention,3,0.5831298828125
59,8,W_O.weight,attention,4,0.27459716796875
59,8,W_O.weight,attention,5,0.12225341796875
59,8,W_O.weight,attention,6,0.0574951171875
59,8,W_O.weight,attention,8,0.01239013671875
59,8,W_O.weight,attention,10,0.00341796875
59,8,W_O.weight,attention,12,0.00091552734375
59,8,W_O.weight,attention,16,6.103515625e-05
59,8,W_O.weight,attention,23,0.0
59,8,W_Q.weight,attention,2,0.564453125
59,8,W_Q.weight,attention,3,0.0
59,8,W_Q.weight,attention,4,0.0
59,8,W_Q.weight,attention,5,0.0
59,8,W_Q.weight,attention,6,0.0
59,8,W_Q.weight,attention,8,0.0
59,8,W_Q.weight,attention,10,0.0
59,8,W_Q.weight,attention,12,0.0
59,8,W_Q.weight,attention,16,0.0
59,8,W_Q.weight,attention,23,0.0
59,8,W_V.weight,attention,2,0.9796142578125
59,8,W_V.weight,attention,3,0.71124267578125
59,8,W_V.weight,attention,4,0.40155029296875
59,8,W_V.weight,attention,5,0.17120361328125
59,8,W_V.weight,attention,6,0.07989501953125
59,8,W_V.weight,attention,8,0.0196533203125
59,8,W_V.weight,attention,10,0.00445556640625
59,8,W_V.weight,attention,12,0.00103759765625
59,8,W_V.weight,attention,16,6.103515625e-05
59,8,W_V.weight,attention,23,0.0
59,8,embed.weight,embedding,2,0.93828125
59,8,embed.weight,embedding,3,0.5274739583333333
59,8,embed.weight,embedding,4,0.264453125
59,8,embed.weight,embedding,5,0.1247395833333333
59,8,embed.weight,embedding,6,0.054296875
59,8,embed.weight,embedding,8,0.0126302083333333
59,8,embed.weight,embedding,10,0.0045572916666666
59,8,embed.weight,embedding,12,0.001171875
59,8,embed.weight,embedding,16,0.0001302083333333
59,8,embed.weight,embedding,23,0.0
59,8,pos_embed.weight,embedding,2,0.8932291666666666
59,8,pos_embed.weight,embedding,3,0.4817708333333333
59,8,pos_embed.weight,embedding,4,0.1354166666666666
59,8,pos_embed.weight,embedding,5,0.0104166666666666
59,8,pos_embed.weight,embedding,6,0.0
59,8,pos_embed.weight,embedding,8,0.0
59,8,pos_embed.weight,embedding,10,0.0
59,8,pos_embed.weight,embedding,12,0.0
59,8,pos_embed.weight,embedding,16,0.0
59,8,pos_embed.weight,embedding,23,0.0
59,8,unembed.weight,unembed,2,0.9907309322033898
59,8,unembed.weight,unembed,3,0.8536811440677966
59,8,unembed.weight,unembed,4,0.596927966101695
59,8,unembed.weight,unembed,5,0.3082627118644068
59,8,unembed.weight,unembed,6,0.1537341101694915
59,8,unembed.weight,unembed,8,0.0387976694915254
59,8,unembed.weight,unembed,10,0.010593220338983
59,8,unembed.weight,unembed,12,0.0021186440677966
59,8,unembed.weight,unembed,16,0.0002648305084745
59,8,unembed.weight,unembed,23,0.0
59,8,w_down.weight,mlp,2,0.9726677052785924
59,8,w_down.weight,mlp,3,0.8382056451612904
59,8,w_down.weight,mlp,4,0.7278684017595308
59,8,w_down.weight,mlp,5,0.5975760630498533
59,8,w_down.weight,mlp,6,0.3882423020527859
59,8,w_down.weight,mlp,8,0.1083669354838709
59,8,w_down.weight,mlp,10,0.0274010263929618
59,8,w_down.weight,mlp,12,0.0066898826979472
59,8,w_down.weight,mlp,16,0.0003436583577712
59,8,w_down.weight,mlp,23,0.0
59,8,w_gate.weight,mlp,2,0.976104288856305
59,8,w_gate.weight,mlp,3,0.8606350806451613
59,8,w_gate.weight,mlp,4,0.741454362170088
59,8,w_gate.weight,mlp,5,0.6120555351906158
59,8,w_gate.weight,mlp,6,0.4228143328445747
59,8,w_gate.weight,mlp,8,0.0893053519061583
59,8,w_gate.weight,mlp,10,0.0211922653958944
59,8,w_gate.weight,mlp,12,0.0046737536656891
59,8,w_gate.weight,mlp,16,0.0002061950146627
59,8,w_gate.weight,mlp,23,0.0
59,8,w_up.weight,mlp,2,0.9406616568914956
59,8,w_up.weight,mlp,3,0.7871838343108505
59,8,w_up.weight,mlp,4,0.6827116935483871
59,8,w_up.weight,mlp,5,0.5755590175953079
59,8,w_up.weight,mlp,6,0.4032945381231672
59,8,w_up.weight,mlp,8,0.1051594574780058
59,8,w_up.weight,mlp,10,0.0266678885630498
59,8,w_up.weight,mlp,12,0.0068731671554252
59,8,w_up.weight,mlp,16,0.0004123900293255
59,8,w_up.weight,mlp,23,0.0
59,9,W_K.weight,attention,2,0.88671875
59,9,W_K.weight,attention,3,0.76953125
59,9,W_K.weight,attention,4,0.61328125
59,9,W_K.weight,attention,5,0.453125
59,9,W_K.weight,attention,6,0.2890625
59,9,W_K.weight,attention,8,0.0859375
59,9,W_K.weight,attention,10,0.01953125
59,9,W_K.weight,attention,12,0.005859375
59,9,W_K.weight,attention,16,0.0
59,9,W_K.weight,attention,23,0.0
59,9,W_O.weight,attention,2,0.9874267578125
59,9,W_O.weight,attention,3,0.6226806640625
59,9,W_O.weight,attention,4,0.2755126953125
59,9,W_O.weight,attention,5,0.124755859375
59,9,W_O.weight,attention,6,0.05718994140625
59,9,W_O.weight,attention,8,0.013671875
59,9,W_O.weight,attention,10,0.00360107421875
59,9,W_O.weight,attention,12,0.00067138671875
59,9,W_O.weight,attention,16,0.0001220703125
59,9,W_O.weight,attention,23,0.0
59,9,W_Q.weight,attention,2,0.150390625
59,9,W_Q.weight,attention,3,0.0
59,9,W_Q.weight,attention,4,0.0
59,9,W_Q.weight,attention,5,0.0
59,9,W_Q.weight,attention,6,0.0
59,9,W_Q.weight,attention,8,0.0
59,9,W_Q.weight,attention,10,0.0
59,9,W_Q.weight,attention,12,0.0
59,9,W_Q.weight,attention,16,0.0
59,9,W_Q.weight,attention,23,0.0
59,9,W_V.weight,attention,2,0.9700927734375
59,9,W_V.weight,attention,3,0.68780517578125
59,9,W_V.weight,attention,4,0.37591552734375
59,9,W_V.weight,attention,5,0.129638671875
59,9,W_V.weight,attention,6,0.05987548828125
59,9,W_V.weight,attention,8,0.0147705078125
59,9,W_V.weight,attention,10,0.00335693359375
59,9,W_V.weight,attention,12,0.00079345703125
59,9,W_V.weight,attention,16,0.0
59,9,W_V.weight,attention,23,0.0
59,9,embed.weight,embedding,2,0.9770833333333332
59,9,embed.weight,embedding,3,0.6186197916666667
59,9,embed.weight,embedding,4,0.3203125
59,9,embed.weight,embedding,5,0.13125
59,9,embed.weight,embedding,6,0.0569010416666666
59,9,embed.weight,embedding,8,0.0147135416666666
59,9,embed.weight,embedding,10,0.004296875
59,9,embed.weight,embedding,12,0.0009114583333333
59,9,embed.weight,embedding,16,0.0
59,9,embed.weight,embedding,23,0.0
59,9,pos_embed.weight,embedding,2,0.8046875
59,9,pos_embed.weight,embedding,3,0.390625
59,9,pos_embed.weight,embedding,4,0.0651041666666666
59,9,pos_embed.weight,embedding,5,0.0234375
59,9,pos_embed.weight,embedding,6,0.0104166666666666
59,9,pos_embed.weight,embedding,8,0.0
59,9,pos_embed.weight,embedding,10,0.0
59,9,pos_embed.weight,embedding,12,0.0
59,9,pos_embed.weight,embedding,16,0.0
59,9,pos_embed.weight,embedding,23,0.0
59,9,unembed.weight,unembed,2,0.9919226694915254
59,9,unembed.weight,unembed,3,0.9041313559322034
59,9,unembed.weight,unembed,4,0.6766419491525424
59,9,unembed.weight,unembed,5,0.3727489406779661
59,9,unembed.weight,unembed,6,0.1916048728813559
59,9,unembed.weight,unembed,8,0.0479343220338983
59,9,unembed.weight,unembed,10,0.0108580508474576
59,9,unembed.weight,unembed,12,0.0026483050847457
59,9,unembed.weight,unembed,16,0.0
59,9,unembed.weight,unembed,23,0.0
59,9,w_down.weight,mlp,2,0.9801823680351908
59,9,w_down.weight,mlp,3,0.8421462609970675
59,9,w_down.weight,mlp,4,0.7402171920821115
59,9,w_down.weight,mlp,5,0.6084127565982405
59,9,w_down.weight,mlp,6,0.3739919354838709
59,9,w_down.weight,mlp,8,0.0993172653958944
59,9,w_down.weight,mlp,10,0.025178702346041
59,9,w_down.weight,mlp,12,0.0065753299120234
59,9,w_down.weight,mlp,16,0.0005269428152492
59,9,w_down.weight,mlp,23,0.0
59,9,w_gate.weight,mlp,2,0.9795637829912024
59,9,w_gate.weight,mlp,3,0.8566486436950147
59,9,w_gate.weight,mlp,4,0.7208119501466276
59,9,w_gate.weight,mlp,5,0.608550219941349
59,9,w_gate.weight,mlp,6,0.4189882697947214
59,9,w_gate.weight,mlp,8,0.1210364736070381
59,9,w_gate.weight,mlp,10,0.0280654325513196
59,9,w_gate.weight,mlp,12,0.0070793621700879
59,9,w_gate.weight,mlp,16,0.0003207478005865
59,9,w_gate.weight,mlp,23,0.0
59,9,w_up.weight,mlp,2,0.9520711143695014
59,9,w_up.weight,mlp,3,0.7907349706744868
59,9,w_up.weight,mlp,4,0.6853234970674487
59,9,w_up.weight,mlp,5,0.5893511730205279
59,9,w_up.weight,mlp,6,0.4185300586510264
59,9,w_up.weight,mlp,8,0.1383339442815249
59,9,w_up.weight,mlp,10,0.0345491202346041
59,9,w_up.weight,mlp,12,0.0091184017595307
59,9,w_up.weight,mlp,16,0.0005269428152492
59,9,w_up.weight,mlp,23,0.0
59,10,W_K.weight,attention,2,0.958984375
59,10,W_K.weight,attention,3,0.494140625
59,10,W_K.weight,attention,4,0.27734375
59,10,W_K.weight,attention,5,0.18359375
59,10,W_K.weight,attention,6,0.08984375
59,10,W_K.weight,attention,8,0.017578125
59,10,W_K.weight,attention,10,0.001953125
59,10,W_K.weight,attention,12,0.0
59,10,W_K.weight,attention,16,0.0
59,10,W_K.weight,attention,23,0.0
59,10,W_O.weight,attention,2,0.98016357421875
59,10,W_O.weight,attention,3,0.83880615234375
59,10,W_O.weight,attention,4,0.61370849609375
59,10,W_O.weight,attention,5,0.3905029296875
59,10,W_O.weight,attention,6,0.23199462890625
59,10,W_O.weight,attention,8,0.06317138671875
59,10,W_O.weight,attention,10,0.0155029296875
59,10,W_O.weight,attention,12,0.003662109375
59,10,W_O.weight,attention,16,0.000244140625
59,10,W_O.weight,attention,23,0.0
59,10,W_Q.weight,attention,2,0.166015625
59,10,W_Q.weight,attention,3,0.0
59,10,W_Q.weight,attention,4,0.0
59,10,W_Q.weight,attention,5,0.0
59,10,W_Q.weight,attention,6,0.0
59,10,W_Q.weight,attention,8,0.0
59,10,W_Q.weight,attention,10,0.0
59,10,W_Q.weight,attention,12,0.0
59,10,W_Q.weight,attention,16,0.0
59,10,W_Q.weight,attention,23,0.0
59,10,W_V.weight,attention,2,0.9688720703125
59,10,W_V.weight,attention,3,0.69921875
59,10,W_V.weight,attention,4,0.354248046875
59,10,W_V.weight,attention,5,0.16845703125
59,10,W_V.weight,attention,6,0.08038330078125
59,10,W_V.weight,attention,8,0.020263671875
59,10,W_V.weight,attention,10,0.0050048828125
59,10,W_V.weight,attention,12,0.00115966796875
59,10,W_V.weight,attention,16,0.0
59,10,W_V.weight,attention,23,0.0
59,10,embed.weight,embedding,2,0.9096354166666668
59,10,embed.weight,embedding,3,0.504296875
59,10,embed.weight,embedding,4,0.253515625
59,10,embed.weight,embedding,5,0.1087239583333333
59,10,embed.weight,embedding,6,0.0518229166666666
59,10,embed.weight,embedding,8,0.01171875
59,10,embed.weight,embedding,10,0.0028645833333333
59,10,embed.weight,embedding,12,0.000390625
59,10,embed.weight,embedding,16,0.0
59,10,embed.weight,embedding,23,0.0
59,10,pos_embed.weight,embedding,2,0.984375
59,10,pos_embed.weight,embedding,3,0.6119791666666666
59,10,pos_embed.weight,embedding,4,0.2395833333333333
59,10,pos_embed.weight,embedding,5,0.1328125
59,10,pos_embed.weight,embedding,6,0.0833333333333333
59,10,pos_embed.weight,embedding,8,0.0130208333333333
59,10,pos_embed.weight,embedding,10,0.0026041666666666
59,10,pos_embed.weight,embedding,12,0.0026041666666666
59,10,pos_embed.weight,embedding,16,0.0
59,10,pos_embed.weight,embedding,23,0.0
59,10,unembed.weight,unembed,2,0.9768273305084746
59,10,unembed.weight,unembed,3,0.7496027542372882
59,10,unembed.weight,unembed,4,0.4192266949152542
59,10,unembed.weight,unembed,5,0.1886917372881356
59,10,unembed.weight,unembed,6,0.0904396186440678
59,10,unembed.weight,unembed,8,0.0239671610169491
59,10,unembed.weight,unembed,10,0.0062235169491525
59,10,unembed.weight,unembed,12,0.0014565677966101
59,10,unembed.weight,unembed,16,0.0001324152542372
59,10,unembed.weight,unembed,23,0.0
59,10,w_down.weight,mlp,2,0.9774560117302052
59,10,w_down.weight,mlp,3,0.756712793255132
59,10,w_down.weight,mlp,4,0.5312041788856305
59,10,w_down.weight,mlp,5,0.3639112903225806
59,10,w_down.weight,mlp,6,0.2136409457478006
59,10,w_down.weight,mlp,8,0.0582844574780058
59,10,w_down.weight,mlp,10,0.0144794721407624
59,10,w_down.weight,mlp,12,0.0038947947214076
59,10,w_down.weight,mlp,16,0.000274926686217
59,10,w_down.weight,mlp,23,0.0
59,10,w_gate.weight,mlp,2,0.9535373900293256
59,10,w_gate.weight,mlp,3,0.7379490469208211
59,10,w_gate.weight,mlp,4,0.5548936950146628
59,10,w_gate.weight,mlp,5,0.4058376099706745
59,10,w_gate.weight,mlp,6,0.2763242302052786
59,10,w_gate.weight,mlp,8,0.0844483137829912
59,10,w_gate.weight,mlp,10,0.0219941348973607
59,10,w_gate.weight,mlp,12,0.0055672653958944
59,10,w_gate.weight,mlp,16,0.000366568914956
59,10,w_gate.weight,mlp,23,0.0
59,10,w_up.weight,mlp,2,0.9075788123167156
59,10,w_up.weight,mlp,3,0.6693319281524927
59,10,w_up.weight,mlp,4,0.484466642228739
59,10,w_up.weight,mlp,5,0.3503711510263929
59,10,w_up.weight,mlp,6,0.2223698680351906
59,10,w_up.weight,mlp,8,0.0690065982404692
59,10,w_up.weight,mlp,10,0.0189012096774193
59,10,w_up.weight,mlp,12,0.0048570381231671
59,10,w_up.weight,mlp,16,0.000366568914956
59,10,w_up.weight,mlp,23,0.0
59,11,W_K.weight,attention,2,0.568359375
59,11,W_K.weight,attention,3,0.0
59,11,W_K.weight,attention,4,0.0
59,11,W_K.weight,attention,5,0.0
59,11,W_K.weight,attention,6,0.0
59,11,W_K.weight,attention,8,0.0
59,11,W_K.weight,attention,10,0.0
59,11,W_K.weight,attention,12,0.0
59,11,W_K.weight,attention,16,0.0
59,11,W_K.weight,attention,23,0.0
59,11,W_O.weight,attention,2,0.9688720703125
59,11,W_O.weight,attention,3,0.3316650390625
59,11,W_O.weight,attention,4,0.140380859375
59,11,W_O.weight,attention,5,0.0655517578125
59,11,W_O.weight,attention,6,0.02386474609375
59,11,W_O.weight,attention,8,0.00115966796875
59,11,W_O.weight,attention,10,0.00018310546875
59,11,W_O.weight,attention,12,0.0001220703125
59,11,W_O.weight,attention,16,0.0
59,11,W_O.weight,attention,23,0.0
59,11,W_Q.weight,attention,2,0.49609375
59,11,W_Q.weight,attention,3,0.0
59,11,W_Q.weight,attention,4,0.0
59,11,W_Q.weight,attention,5,0.0
59,11,W_Q.weight,attention,6,0.0
59,11,W_Q.weight,attention,8,0.0
59,11,W_Q.weight,attention,10,0.0
59,11,W_Q.weight,attention,12,0.0
59,11,W_Q.weight,attention,16,0.0
59,11,W_Q.weight,attention,23,0.0
59,11,W_V.weight,attention,2,0.7647705078125
59,11,W_V.weight,attention,3,0.01788330078125
59,11,W_V.weight,attention,4,0.01104736328125
59,11,W_V.weight,attention,5,0.00677490234375
59,11,W_V.weight,attention,6,0.004150390625
59,11,W_V.weight,attention,8,0.000244140625
59,11,W_V.weight,attention,10,0.0001220703125
59,11,W_V.weight,attention,12,6.103515625e-05
59,11,W_V.weight,attention,16,0.0
59,11,W_V.weight,attention,23,0.0
59,11,embed.weight,embedding,2,0.9229166666666668
59,11,embed.weight,embedding,3,0.4009114583333333
59,11,embed.weight,embedding,4,0.1774739583333333
59,11,embed.weight,embedding,5,0.0688802083333333
59,11,embed.weight,embedding,6,0.0307291666666666
59,11,embed.weight,embedding,8,0.005078125
59,11,embed.weight,embedding,10,0.0013020833333333
59,11,embed.weight,embedding,12,0.000390625
59,11,embed.weight,embedding,16,0.0
59,11,embed.weight,embedding,23,0.0
59,11,pos_embed.weight,embedding,2,0.6614583333333334
59,11,pos_embed.weight,embedding,3,0.65625
59,11,pos_embed.weight,embedding,4,0.5416666666666666
59,11,pos_embed.weight,embedding,5,0.3880208333333333
59,11,pos_embed.weight,embedding,6,0.1770833333333333
59,11,pos_embed.weight,embedding,8,0.0911458333333333
59,11,pos_embed.weight,embedding,10,0.0130208333333333
59,11,pos_embed.weight,embedding,12,0.0052083333333333
59,11,pos_embed.weight,embedding,16,0.0
59,11,pos_embed.weight,embedding,23,0.0
59,11,unembed.weight,unembed,2,0.9837129237288136
59,11,unembed.weight,unembed,3,0.7768802966101694
59,11,unembed.weight,unembed,4,0.4764300847457627
59,11,unembed.weight,unembed,5,0.2298728813559322
59,11,unembed.weight,unembed,6,0.1064618644067796
59,11,unembed.weight,unembed,8,0.0258209745762711
59,11,unembed.weight,unembed,10,0.0058262711864406
59,11,unembed.weight,unembed,12,0.001853813559322
59,11,unembed.weight,unembed,16,0.0
59,11,unembed.weight,unembed,23,0.0
59,11,w_down.weight,mlp,2,0.9577071114369502
59,11,w_down.weight,mlp,3,0.6946251832844574
59,11,w_down.weight,mlp,4,0.4548432917888563
59,11,w_down.weight,mlp,5,0.289520711143695
59,11,w_down.weight,mlp,6,0.1657578812316715
59,11,w_down.weight,mlp,8,0.0450192448680351
59,11,w_down.weight,mlp,10,0.0122571480938416
59,11,w_down.weight,mlp,12,0.0038947947214076
59,11,w_down.weight,mlp,16,0.0002061950146627
59,11,w_down.weight,mlp,23,0.0
59,11,w_gate.weight,mlp,2,0.9422424853372434
59,11,w_gate.weight,mlp,3,0.7524514296187683
59,11,w_gate.weight,mlp,4,0.4364232038123167
59,11,w_gate.weight,mlp,5,0.2527034457478005
59,11,w_gate.weight,mlp,6,0.1296279325513196
59,11,w_gate.weight,mlp,8,0.0378940615835777
59,11,w_gate.weight,mlp,10,0.0098973607038123
59,11,w_gate.weight,mlp,12,0.0019015762463343
59,11,w_gate.weight,mlp,16,6.87316715542522e-05
59,11,w_gate.weight,mlp,23,0.0
59,11,w_up.weight,mlp,2,0.9441898826979472
59,11,w_up.weight,mlp,3,0.7751328812316716
59,11,w_up.weight,mlp,4,0.5745967741935484
59,11,w_up.weight,mlp,5,0.3803381598240469
59,11,w_up.weight,mlp,6,0.204774560117302
59,11,w_up.weight,mlp,8,0.0453170821114369
59,11,w_up.weight,mlp,10,0.0112032624633431
59,11,w_up.weight,mlp,12,0.003115835777126
59,11,w_up.weight,mlp,16,0.0003207478005865
59,11,w_up.weight,mlp,23,0.0
97,0,W_K.weight,attention,2,0.9765625
97,0,W_K.weight,attention,3,0.734375
97,0,W_K.weight,attention,4,0.458984375
97,0,W_K.weight,attention,5,0.251953125
97,0,W_K.weight,attention,6,0.134765625
97,0,W_K.weight,attention,8,0.0234375
97,0,W_K.weight,attention,10,0.0078125
97,0,W_K.weight,attention,12,0.0
97,0,W_K.weight,attention,16,0.0
97,0,W_K.weight,attention,23,0.0
97,0,W_O.weight,attention,2,0.97686767578125
97,0,W_O.weight,attention,3,0.85296630859375
97,0,W_O.weight,attention,4,0.70635986328125
97,0,W_O.weight,attention,5,0.4869384765625
97,0,W_O.weight,attention,6,0.27947998046875
97,0,W_O.weight,attention,8,0.07366943359375
97,0,W_O.weight,attention,10,0.01898193359375
97,0,W_O.weight,attention,12,0.00421142578125
97,0,W_O.weight,attention,16,0.00030517578125
97,0,W_O.weight,attention,23,0.0
97,0,W_Q.weight,attention,2,0.0
97,0,W_Q.weight,attention,3,0.0
97,0,W_Q.weight,attention,4,0.0
97,0,W_Q.weight,attention,5,0.0
97,0,W_Q.weight,attention,6,0.0
97,0,W_Q.weight,attention,8,0.0
97,0,W_Q.weight,attention,10,0.0
97,0,W_Q.weight,attention,12,0.0
97,0,W_Q.weight,attention,16,0.0
97,0,W_Q.weight,attention,23,0.0
97,0,W_V.weight,attention,2,0.98541259765625
97,0,W_V.weight,attention,3,0.9373779296875
97,0,W_V.weight,attention,4,0.65570068359375
97,0,W_V.weight,attention,5,0.32781982421875
97,0,W_V.weight,attention,6,0.1531982421875
97,0,W_V.weight,attention,8,0.03643798828125
97,0,W_V.weight,attention,10,0.00921630859375
97,0,W_V.weight,attention,12,0.0025634765625
97,0,W_V.weight,attention,16,6.103515625e-05
97,0,W_V.weight,attention,23,0.0
97,0,embed.weight,embedding,2,0.9070471938775512
97,0,embed.weight,embedding,3,0.6193399234693877
97,0,embed.weight,embedding,4,0.4426817602040816
97,0,embed.weight,embedding,5,0.2889030612244898
97,0,embed.weight,embedding,6,0.1553730867346938
97,0,embed.weight,embedding,8,0.0384247448979591
97,0,embed.weight,embedding,10,0.009406887755102
97,0,embed.weight,embedding,12,0.002391581632653
97,0,embed.weight,embedding,16,7.971938775510203e-05
97,0,embed.weight,embedding,23,0.0
97,0,pos_embed.weight,embedding,2,0.9713541666666666
97,0,pos_embed.weight,embedding,3,0.7526041666666666
97,0,pos_embed.weight,embedding,4,0.2317708333333333
97,0,pos_embed.weight,embedding,5,0.1770833333333333
97,0,pos_embed.weight,embedding,6,0.015625
97,0,pos_embed.weight,embedding,8,0.0
97,0,pos_embed.weight,embedding,10,0.0
97,0,pos_embed.weight,embedding,12,0.0
97,0,pos_embed.weight,embedding,16,0.0
97,0,pos_embed.weight,embedding,23,0.0
97,0,unembed.weight,unembed,2,0.988965850515464
97,0,unembed.weight,unembed,3,0.7359052835051546
97,0,unembed.weight,unembed,4,0.3346488402061855
97,0,unembed.weight,unembed,5,0.1491623711340206
97,0,unembed.weight,unembed,6,0.0734536082474226
97,0,unembed.weight,unembed,8,0.0169942010309278
97,0,unembed.weight,unembed,10,0.0041881443298969
97,0,unembed.weight,unembed,12,0.0009664948453608
97,0,unembed.weight,unembed,16,0.0
97,0,unembed.weight,unembed,23,0.0
97,0,w_down.weight,mlp,2,0.9656341642228738
97,0,w_down.weight,mlp,3,0.8072534824046921
97,0,w_down.weight,mlp,4,0.6120784457478006
97,0,w_down.weight,mlp,5,0.4507652126099706
97,0,w_down.weight,mlp,6,0.3212747434017595
97,0,w_down.weight,mlp,8,0.1399605938416422
97,0,w_down.weight,mlp,10,0.0395894428152492
97,0,w_down.weight,mlp,12,0.00964534457478
97,0,w_down.weight,mlp,16,0.0004811217008797
97,0,w_down.weight,mlp,23,0.0
97,0,w_gate.weight,mlp,2,0.8561675219941349
97,0,w_gate.weight,mlp,3,0.6068777492668622
97,0,w_gate.weight,mlp,4,0.4833211143695015
97,0,w_gate.weight,mlp,5,0.3830186950146627
97,0,w_gate.weight,mlp,6,0.2849385997067448
97,0,w_gate.weight,mlp,8,0.1295133797653959
97,0,w_gate.weight,mlp,10,0.0424303519061583
97,0,w_gate.weight,mlp,12,0.0108825146627565
97,0,w_gate.weight,mlp,16,0.0005269428152492
97,0,w_gate.weight,mlp,23,0.0
97,0,w_up.weight,mlp,2,0.8570610337243402
97,0,w_up.weight,mlp,3,0.635286840175953
97,0,w_up.weight,mlp,4,0.4977089442815249
97,0,w_up.weight,mlp,5,0.3860657991202346
97,0,w_up.weight,mlp,6,0.2752245234604105
97,0,w_up.weight,mlp,8,0.1121013563049853
97,0,w_up.weight,mlp,10,0.0312270894428152
97,0,w_up.weight,mlp,12,0.008087426686217
97,0,w_up.weight,mlp,16,0.0006185850439882
97,0,w_up.weight,mlp,23,0.0
97,1,W_K.weight,attention,2,0.92578125
97,1,W_K.weight,attention,3,0.873046875
97,1,W_K.weight,attention,4,0.708984375
97,1,W_K.weight,attention,5,0.388671875
97,1,W_K.weight,attention,6,0.18359375
97,1,W_K.weight,attention,8,0.0390625
97,1,W_K.weight,attention,10,0.013671875
97,1,W_K.weight,attention,12,0.001953125
97,1,W_K.weight,attention,16,0.0
97,1,W_K.weight,attention,23,0.0
97,1,W_O.weight,attention,2,0.95489501953125
97,1,W_O.weight,attention,3,0.63800048828125
97,1,W_O.weight,attention,4,0.31689453125
97,1,W_O.weight,attention,5,0.15447998046875
97,1,W_O.weight,attention,6,0.0767822265625
97,1,W_O.weight,attention,8,0.018310546875
97,1,W_O.weight,attention,10,0.00323486328125
97,1,W_O.weight,attention,12,0.00054931640625
97,1,W_O.weight,attention,16,6.103515625e-05
97,1,W_O.weight,attention,23,0.0
97,1,W_Q.weight,attention,2,0.05859375
97,1,W_Q.weight,attention,3,0.0
97,1,W_Q.weight,attention,4,0.0
97,1,W_Q.weight,attention,5,0.0
97,1,W_Q.weight,attention,6,0.0
97,1,W_Q.weight,attention,8,0.0
97,1,W_Q.weight,attention,10,0.0
97,1,W_Q.weight,attention,12,0.0
97,1,W_Q.weight,attention,16,0.0
97,1,W_Q.weight,attention,23,0.0
97,1,W_V.weight,attention,2,0.98907470703125
97,1,W_V.weight,attention,3,0.73663330078125
97,1,W_V.weight,attention,4,0.40948486328125
97,1,W_V.weight,attention,5,0.16241455078125
97,1,W_V.weight,attention,6,0.07708740234375
97,1,W_V.weight,attention,8,0.0181884765625
97,1,W_V.weight,attention,10,0.0047607421875
97,1,W_V.weight,attention,12,0.00128173828125
97,1,W_V.weight,attention,16,6.103515625e-05
97,1,W_V.weight,attention,23,0.0
97,1,embed.weight,embedding,2,0.9591836734693876
97,1,embed.weight,embedding,3,0.5745376275510204
97,1,embed.weight,embedding,4,0.2967952806122449
97,1,embed.weight,embedding,5,0.1573660714285714
97,1,embed.weight,embedding,6,0.0652901785714285
97,1,embed.weight,embedding,8,0.0134725765306122
97,1,embed.weight,embedding,10,0.0036670918367346
97,1,embed.weight,embedding,12,0.0008769132653061
97,1,embed.weight,embedding,16,7.971938775510203e-05
97,1,embed.weight,embedding,23,0.0
97,1,pos_embed.weight,embedding,2,0.9114583333333334
97,1,pos_embed.weight,embedding,3,0.5625
97,1,pos_embed.weight,embedding,4,0.1302083333333333
97,1,pos_embed.weight,embedding,5,0.03125
97,1,pos_embed.weight,embedding,6,0.0
97,1,pos_embed.weight,embedding,8,0.0
97,1,pos_embed.weight,embedding,10,0.0
97,1,pos_embed.weight,embedding,12,0.0
97,1,pos_embed.weight,embedding,16,0.0
97,1,pos_embed.weight,embedding,23,0.0
97,1,unembed.weight,unembed,2,0.9785760309278352
97,1,unembed.weight,unembed,3,0.5873872422680413
97,1,unembed.weight,unembed,4,0.2529800257731959
97,1,unembed.weight,unembed,5,0.1118717783505154
97,1,unembed.weight,unembed,6,0.0536404639175257
97,1,unembed.weight,unembed,8,0.0132893041237113
97,1,unembed.weight,unembed,10,0.0040270618556701
97,1,unembed.weight,unembed,12,0.0011275773195876
97,1,unembed.weight,unembed,16,8.054123711340206e-05
97,1,unembed.weight,unembed,23,0.0
97,1,w_down.weight,mlp,2,0.9957386363636364
97,1,w_down.weight,mlp,3,0.933101173020528
97,1,w_down.weight,mlp,4,0.8405425219941349
97,1,w_down.weight,mlp,5,0.7077987536656891
97,1,w_down.weight,mlp,6,0.5015808284457478
97,1,w_down.weight,mlp,8,0.1549440982404692
97,1,w_down.weight,mlp,10,0.0402996700879765
97,1,w_down.weight,mlp,12,0.010195197947214
97,1,w_down.weight,mlp,16,0.000641495601173
97,1,w_down.weight,mlp,23,0.0
97,1,w_gate.weight,mlp,2,0.9915001832844574
97,1,w_gate.weight,mlp,3,0.928862719941349
97,1,w_gate.weight,mlp,4,0.8212976539589443
97,1,w_gate.weight,mlp,5,0.6030516862170088
97,1,w_gate.weight,mlp,6,0.3948405425219941
97,1,w_gate.weight,mlp,8,0.1021810850439882
97,1,w_gate.weight,mlp,10,0.0247892228739002
97,1,w_gate.weight,mlp,12,0.0062087609970674
97,1,w_gate.weight,mlp,16,0.0004123900293255
97,1,w_gate.weight,mlp,23,0.0
97,1,w_up.weight,mlp,2,0.9787160923753666
97,1,w_up.weight,mlp,3,0.8737857404692082
97,1,w_up.weight,mlp,4,0.7836785190615836
97,1,w_up.weight,mlp,5,0.6685071480938416
97,1,w_up.weight,mlp,6,0.5208486070381232
97,1,w_up.weight,mlp,8,0.180970491202346
97,1,w_up.weight,mlp,10,0.0503344941348973
97,1,w_up.weight,mlp,12,0.0134484970674486
97,1,w_up.weight,mlp,16,0.0005956744868035
97,1,w_up.weight,mlp,23,0.0
97,2,W_K.weight,attention,2,0.966796875
97,2,W_K.weight,attention,3,0.6328125
97,2,W_K.weight,attention,4,0.298828125
97,2,W_K.weight,attention,5,0.1796875
97,2,W_K.weight,attention,6,0.083984375
97,2,W_K.weight,attention,8,0.0234375
97,2,W_K.weight,attention,10,0.00390625
97,2,W_K.weight,attention,12,0.0
97,2,W_K.weight,attention,16,0.0
97,2,W_K.weight,attention,23,0.0
97,2,W_O.weight,attention,2,0.9962158203125
97,2,W_O.weight,attention,3,0.7080078125
97,2,W_O.weight,attention,4,0.54962158203125
97,2,W_O.weight,attention,5,0.33544921875
97,2,W_O.weight,attention,6,0.24835205078125
97,2,W_O.weight,attention,8,0.08941650390625
97,2,W_O.weight,attention,10,0.01068115234375
97,2,W_O.weight,attention,12,0.003173828125
97,2,W_O.weight,attention,16,0.00018310546875
97,2,W_O.weight,attention,23,0.0
97,2,W_Q.weight,attention,2,0.673828125
97,2,W_Q.weight,attention,3,0.0
97,2,W_Q.weight,attention,4,0.0
97,2,W_Q.weight,attention,5,0.0
97,2,W_Q.weight,attention,6,0.0
97,2,W_Q.weight,attention,8,0.0
97,2,W_Q.weight,attention,10,0.0
97,2,W_Q.weight,attention,12,0.0
97,2,W_Q.weight,attention,16,0.0
97,2,W_Q.weight,attention,23,0.0
97,2,W_V.weight,attention,2,0.99822998046875
97,2,W_V.weight,attention,3,0.94171142578125
97,2,W_V.weight,attention,4,0.6396484375
97,2,W_V.weight,attention,5,0.43963623046875
97,2,W_V.weight,attention,6,0.186767578125
97,2,W_V.weight,attention,8,0.06146240234375
97,2,W_V.weight,attention,10,0.01336669921875
97,2,W_V.weight,attention,12,0.003173828125
97,2,W_V.weight,attention,16,0.000244140625
97,2,W_V.weight,attention,23,0.0
97,2,embed.weight,embedding,2,0.9918686224489796
97,2,embed.weight,embedding,3,0.8497289540816326
97,2,embed.weight,embedding,4,0.5227200255102041
97,2,embed.weight,embedding,5,0.2471301020408163
97,2,embed.weight,embedding,6,0.1202168367346938
97,2,embed.weight,embedding,8,0.0298150510204081
97,2,embed.weight,embedding,10,0.0059789540816326
97,2,embed.weight,embedding,12,0.0019929846938775
97,2,embed.weight,embedding,16,0.0001594387755102
97,2,embed.weight,embedding,23,0.0
97,2,pos_embed.weight,embedding,2,0.8802083333333334
97,2,pos_embed.weight,embedding,3,0.8046875
97,2,pos_embed.weight,embedding,4,0.3828125
97,2,pos_embed.weight,embedding,5,0.3619791666666667
97,2,pos_embed.weight,embedding,6,0.3098958333333333
97,2,pos_embed.weight,embedding,8,0.0989583333333333
97,2,pos_embed.weight,embedding,10,0.0130208333333333
97,2,pos_embed.weight,embedding,12,0.0
97,2,pos_embed.weight,embedding,16,0.0
97,2,pos_embed.weight,embedding,23,0.0
97,2,unembed.weight,unembed,2,0.9882409793814432
97,2,unembed.weight,unembed,3,0.8036404639175257
97,2,unembed.weight,unembed,4,0.4652061855670103
97,2,unembed.weight,unembed,5,0.1627738402061855
97,2,unembed.weight,unembed,6,0.0624194587628866
97,2,unembed.weight,unembed,8,0.0151417525773195
97,2,unembed.weight,unembed,10,0.0031411082474226
97,2,unembed.weight,unembed,12,0.0006443298969072
97,2,unembed.weight,unembed,16,0.0
97,2,unembed.weight,unembed,23,0.0
97,2,w_down.weight,mlp,2,0.994295271260997
97,2,w_down.weight,mlp,3,0.8733275293255132
97,2,w_down.weight,mlp,4,0.6643603372434017
97,2,w_down.weight,mlp,5,0.3974294354838709
97,2,w_down.weight,mlp,6,0.2139158724340176
97,2,w_down.weight,mlp,8,0.0508385263929618
97,2,w_down.weight,mlp,10,0.0101264662756598
97,2,w_down.weight,mlp,12,0.0013975439882697
97,2,w_down.weight,mlp,16,9.164222873900292e-05
97,2,w_down.weight,mlp,23,0.0
97,2,w_gate.weight,mlp,2,0.9874450146627566
97,2,w_gate.weight,mlp,3,0.8826063049853372
97,2,w_gate.weight,mlp,4,0.6744409824046921
97,2,w_gate.weight,mlp,5,0.4299395161290322
97,2,w_gate.weight,mlp,6,0.2319923020527859
97,2,w_gate.weight,mlp,8,0.057345124633431
97,2,w_gate.weight,mlp,10,0.0158541055718475
97,2,w_gate.weight,mlp,12,0.0025430718475073
97,2,w_gate.weight,mlp,16,0.0
97,2,w_gate.weight,mlp,23,0.0
97,2,w_up.weight,mlp,2,0.9820152126099708
97,2,w_up.weight,mlp,3,0.6913718841642229
97,2,w_up.weight,mlp,4,0.3822168255131964
97,2,w_up.weight,mlp,5,0.1836510263929618
97,2,w_up.weight,mlp,6,0.0905425219941349
97,2,w_up.weight,mlp,8,0.0276530425219941
97,2,w_up.weight,mlp,10,0.0120051319648093
97,2,w_up.weight,mlp,12,0.0084310850439882
97,2,w_up.weight,mlp,16,0.0013059017595307
97,2,w_up.weight,mlp,23,0.0
97,3,W_K.weight,attention,2,0.9296875
97,3,W_K.weight,attention,3,0.888671875
97,3,W_K.weight,attention,4,0.765625
97,3,W_K.weight,attention,5,0.44921875
97,3,W_K.weight,attention,6,0.22265625
97,3,W_K.weight,attention,8,0.0703125
97,3,W_K.weight,attention,10,0.029296875
97,3,W_K.weight,attention,12,0.005859375
97,3,W_K.weight,attention,16,0.001953125
97,3,W_K.weight,attention,23,0.0
97,3,W_O.weight,attention,2,0.97711181640625
97,3,W_O.weight,attention,3,0.628662109375
97,3,W_O.weight,attention,4,0.30047607421875
97,3,W_O.weight,attention,5,0.1351318359375
97,3,W_O.weight,attention,6,0.0631103515625
97,3,W_O.weight,attention,8,0.01446533203125
97,3,W_O.weight,attention,10,0.0037841796875
97,3,W_O.weight,attention,12,0.0010986328125
97,3,W_O.weight,attention,16,6.103515625e-05
97,3,W_O.weight,attention,23,0.0
97,3,W_Q.weight,attention,2,0.001953125
97,3,W_Q.weight,attention,3,0.0
97,3,W_Q.weight,attention,4,0.0
97,3,W_Q.weight,attention,5,0.0
97,3,W_Q.weight,attention,6,0.0
97,3,W_Q.weight,attention,8,0.0
97,3,W_Q.weight,attention,10,0.0
97,3,W_Q.weight,attention,12,0.0
97,3,W_Q.weight,attention,16,0.0
97,3,W_Q.weight,attention,23,0.0
97,3,W_V.weight,attention,2,0.9530029296875
97,3,W_V.weight,attention,3,0.59326171875
97,3,W_V.weight,attention,4,0.2696533203125
97,3,W_V.weight,attention,5,0.12078857421875
97,3,W_V.weight,attention,6,0.0584716796875
97,3,W_V.weight,attention,8,0.01385498046875
97,3,W_V.weight,attention,10,0.0040283203125
97,3,W_V.weight,attention,12,0.00091552734375
97,3,W_V.weight,attention,16,0.00018310546875
97,3,W_V.weight,attention,23,0.0
97,3,embed.weight,embedding,2,0.9624521683673468
97,3,embed.weight,embedding,3,0.5458386479591837
97,3,embed.weight,embedding,4,0.2900191326530612
97,3,embed.weight,embedding,5,0.15234375
97,3,embed.weight,embedding,6,0.0774872448979591
97,3,embed.weight,embedding,8,0.0196109693877551
97,3,embed.weight,embedding,10,0.0046237244897959
97,3,embed.weight,embedding,12,0.000797193877551
97,3,embed.weight,embedding,16,0.0001594387755102
97,3,embed.weight,embedding,23,0.0
97,3,pos_embed.weight,embedding,2,0.8932291666666666
97,3,pos_embed.weight,embedding,3,0.2708333333333333
97,3,pos_embed.weight,embedding,4,0.0625
97,3,pos_embed.weight,embedding,5,0.0234375
97,3,pos_embed.weight,embedding,6,0.0026041666666666
97,3,pos_embed.weight,embedding,8,0.0
97,3,pos_embed.weight,embedding,10,0.0
97,3,pos_embed.weight,embedding,12,0.0
97,3,pos_embed.weight,embedding,16,0.0
97,3,pos_embed.weight,embedding,23,0.0
97,3,unembed.weight,unembed,2,0.9731797680412372
97,3,unembed.weight,unembed,3,0.5576675257731959
97,3,unembed.weight,unembed,4,0.2433150773195876
97,3,unembed.weight,unembed,5,0.1140463917525773
97,3,unembed.weight,unembed,6,0.0567815721649484
97,3,unembed.weight,unembed,8,0.0125644329896907
97,3,unembed.weight,unembed,10,0.0037048969072164
97,3,unembed.weight,unembed,12,0.0011275773195876
97,3,unembed.weight,unembed,16,0.0
97,3,unembed.weight,unembed,23,0.0
97,3,w_down.weight,mlp,2,0.9877199413489736
97,3,w_down.weight,mlp,3,0.9143832478005866
97,3,w_down.weight,mlp,4,0.7910557184750733
97,3,w_down.weight,mlp,5,0.5882514662756598
97,3,w_down.weight,mlp,6,0.3528913123167155
97,3,w_down.weight,mlp,8,0.0948726173020527
97,3,w_down.weight,mlp,10,0.0235062316715542
97,3,w_down.weight,mlp,12,0.0057734604105571
97,3,w_down.weight,mlp,16,0.000274926686217
97,3,w_down.weight,mlp,23,0.0
97,3,w_gate.weight,mlp,2,0.9950971407624634
97,3,w_gate.weight,mlp,3,0.9446939149560116
97,3,w_gate.weight,mlp,4,0.7796691715542522
97,3,w_gate.weight,mlp,5,0.4961968475073314
97,3,w_gate.weight,mlp,6,0.2516266495601173
97,3,w_gate.weight,mlp,8,0.0528317448680351
97,3,w_gate.weight,mlp,10,0.0137005131964809
97,3,w_gate.weight,mlp,12,0.003115835777126
97,3,w_gate.weight,mlp,16,0.0001603739002932
97,3,w_gate.weight,mlp,23,0.0
97,3,w_up.weight,mlp,2,0.9775018328445748
97,3,w_up.weight,mlp,3,0.8666605571847508
97,3,w_up.weight,mlp,4,0.7828308284457478
97,3,w_up.weight,mlp,5,0.6673845307917888
97,3,w_up.weight,mlp,6,0.4842375366568915
97,3,w_up.weight,mlp,8,0.1443365102639296
97,3,w_up.weight,mlp,10,0.0364736070381231
97,3,w_up.weight,mlp,12,0.0100348240469208
97,3,w_up.weight,mlp,16,0.00091642228739
97,3,w_up.weight,mlp,23,0.0
97,4,W_K.weight,attention,2,0.966796875
97,4,W_K.weight,attention,3,0.876953125
97,4,W_K.weight,attention,4,0.6328125
97,4,W_K.weight,attention,5,0.3046875
97,4,W_K.weight,attention,6,0.1640625
97,4,W_K.weight,attention,8,0.044921875
97,4,W_K.weight,attention,10,0.00390625
97,4,W_K.weight,attention,12,0.0
97,4,W_K.weight,attention,16,0.0
97,4,W_K.weight,attention,23,0.0
97,4,W_O.weight,attention,2,0.8990478515625
97,4,W_O.weight,attention,3,0.51263427734375
97,4,W_O.weight,attention,4,0.2373046875
97,4,W_O.weight,attention,5,0.11236572265625
97,4,W_O.weight,attention,6,0.0537109375
97,4,W_O.weight,attention,8,0.01263427734375
97,4,W_O.weight,attention,10,0.00299072265625
97,4,W_O.weight,attention,12,0.000732421875
97,4,W_O.weight,attention,16,6.103515625e-05
97,4,W_O.weight,attention,23,0.0
97,4,W_Q.weight,attention,2,0.0
97,4,W_Q.weight,attention,3,0.0
97,4,W_Q.weight,attention,4,0.0
97,4,W_Q.weight,attention,5,0.0
97,4,W_Q.weight,attention,6,0.0
97,4,W_Q.weight,attention,8,0.0
97,4,W_Q.weight,attention,10,0.0
97,4,W_Q.weight,attention,12,0.0
97,4,W_Q.weight,attention,16,0.0
97,4,W_Q.weight,attention,23,0.0
97,4,W_V.weight,attention,2,0.851318359375
97,4,W_V.weight,attention,3,0.35211181640625
97,4,W_V.weight,attention,4,0.155517578125
97,4,W_V.weight,attention,5,0.07489013671875
97,4,W_V.weight,attention,6,0.03790283203125
97,4,W_V.weight,attention,8,0.010009765625
97,4,W_V.weight,attention,10,0.00213623046875
97,4,W_V.weight,attention,12,0.00030517578125
97,4,W_V.weight,attention,16,0.0
97,4,W_V.weight,attention,23,0.0
97,4,embed.weight,embedding,2,0.9329559948979592
97,4,embed.weight,embedding,3,0.549186862244898
97,4,embed.weight,embedding,4,0.2877869897959184
97,4,embed.weight,embedding,5,0.1458067602040816
97,4,embed.weight,embedding,6,0.076610331632653
97,4,embed.weight,embedding,8,0.0177774234693877
97,4,embed.weight,embedding,10,0.0049426020408163
97,4,embed.weight,embedding,12,0.0014349489795918
97,4,embed.weight,embedding,16,0.0
97,4,embed.weight,embedding,23,0.0
97,4,pos_embed.weight,embedding,2,0.7447916666666666
97,4,pos_embed.weight,embedding,3,0.6666666666666666
97,4,pos_embed.weight,embedding,4,0.421875
97,4,pos_embed.weight,embedding,5,0.1744791666666666
97,4,pos_embed.weight,embedding,6,0.0729166666666666
97,4,pos_embed.weight,embedding,8,0.0208333333333333
97,4,pos_embed.weight,embedding,10,0.0052083333333333
97,4,pos_embed.weight,embedding,12,0.0
97,4,pos_embed.weight,embedding,16,0.0
97,4,pos_embed.weight,embedding,23,0.0
97,4,unembed.weight,unembed,2,0.9808311855670104
97,4,unembed.weight,unembed,3,0.7495167525773195
97,4,unembed.weight,unembed,4,0.3638047680412371
97,4,unembed.weight,unembed,5,0.119201030927835
97,4,unembed.weight,unembed,6,0.0505798969072164
97,4,unembed.weight,unembed,8,0.0107925257731958
97,4,unembed.weight,unembed,10,0.0026578608247422
97,4,unembed.weight,unembed,12,0.0005637886597938
97,4,unembed.weight,unembed,16,0.0
97,4,unembed.weight,unembed,23,0.0
97,4,w_down.weight,mlp,2,0.992462426686217
97,4,w_down.weight,mlp,3,0.9006140029325513
97,4,w_down.weight,mlp,4,0.6435346407624634
97,4,w_down.weight,mlp,5,0.3328216642228739
97,4,w_down.weight,mlp,6,0.1630315249266862
97,4,w_down.weight,mlp,8,0.0422012463343108
97,4,w_down.weight,mlp,10,0.0080416055718475
97,4,w_down.weight,mlp,12,0.0018099340175953
97,4,w_down.weight,mlp,16,4.5821114369501466e-05
97,4,w_down.weight,mlp,23,0.0
97,4,w_gate.weight,mlp,2,0.9980296920821116
97,4,w_gate.weight,mlp,3,0.8810942082111437
97,4,w_gate.weight,mlp,4,0.5785603005865103
97,4,w_gate.weight,mlp,5,0.3724111070381232
97,4,w_gate.weight,mlp,6,0.2097919721407624
97,4,w_gate.weight,mlp,8,0.0459356671554252
97,4,w_gate.weight,mlp,10,0.0123487903225806
97,4,w_gate.weight,mlp,12,0.0031387463343108
97,4,w_gate.weight,mlp,16,9.164222873900292e-05
97,4,w_gate.weight,mlp,23,0.0
97,4,w_up.weight,mlp,2,0.9924166055718476
97,4,w_up.weight,mlp,3,0.8086281158357771
97,4,w_up.weight,mlp,4,0.4353922287390029
97,4,w_up.weight,mlp,5,0.22839534457478
97,4,w_up.weight,mlp,6,0.1200513196480938
97,4,w_up.weight,mlp,8,0.031708211143695
97,4,w_up.weight,mlp,10,0.0070106304985337
97,4,w_up.weight,mlp,12,0.0018099340175953
97,4,w_up.weight,mlp,16,6.87316715542522e-05
97,4,w_up.weight,mlp,23,0.0
97,5,W_K.weight,attention,2,0.990234375
97,5,W_K.weight,attention,3,0.8203125
97,5,W_K.weight,attention,4,0.462890625
97,5,W_K.weight,attention,5,0.21875
97,5,W_K.weight,attention,6,0.107421875
97,5,W_K.weight,attention,8,0.029296875
97,5,W_K.weight,attention,10,0.01171875
97,5,W_K.weight,attention,12,0.0
97,5,W_K.weight,attention,16,0.0
97,5,W_K.weight,attention,23,0.0
97,5,W_O.weight,attention,2,0.9708251953125
97,5,W_O.weight,attention,3,0.740478515625
97,5,W_O.weight,attention,4,0.46295166015625
97,5,W_O.weight,attention,5,0.26025390625
97,5,W_O.weight,attention,6,0.13677978515625
97,5,W_O.weight,attention,8,0.031005859375
97,5,W_O.weight,attention,10,0.00775146484375
97,5,W_O.weight,attention,12,0.00213623046875
97,5,W_O.weight,attention,16,6.103515625e-05
97,5,W_O.weight,attention,23,0.0
97,5,W_Q.weight,attention,2,0.005859375
97,5,W_Q.weight,attention,3,0.0
97,5,W_Q.weight,attention,4,0.0
97,5,W_Q.weight,attention,5,0.0
97,5,W_Q.weight,attention,6,0.0
97,5,W_Q.weight,attention,8,0.0
97,5,W_Q.weight,attention,10,0.0
97,5,W_Q.weight,attention,12,0.0
97,5,W_Q.weight,attention,16,0.0
97,5,W_Q.weight,attention,23,0.0
97,5,W_V.weight,attention,2,0.8739013671875
97,5,W_V.weight,attention,3,0.44219970703125
97,5,W_V.weight,attention,4,0.19561767578125
97,5,W_V.weight,attention,5,0.08917236328125
97,5,W_V.weight,attention,6,0.04327392578125
97,5,W_V.weight,attention,8,0.0107421875
97,5,W_V.weight,attention,10,0.00262451171875
97,5,W_V.weight,attention,12,0.0009765625
97,5,W_V.weight,attention,16,6.103515625e-05
97,5,W_V.weight,attention,23,0.0
97,5,embed.weight,embedding,2,0.8827327806122449
97,5,embed.weight,embedding,3,0.5436862244897959
97,5,embed.weight,embedding,4,0.2574936224489796
97,5,embed.weight,embedding,5,0.1280293367346938
97,5,embed.weight,embedding,6,0.0607461734693877
97,5,embed.weight,embedding,8,0.0150669642857142
97,5,embed.weight,embedding,10,0.004703443877551
97,5,embed.weight,embedding,12,0.000797193877551
97,5,embed.weight,embedding,16,0.0002391581632653
97,5,embed.weight,embedding,23,0.0
97,5,pos_embed.weight,embedding,2,0.90625
97,5,pos_embed.weight,embedding,3,0.4895833333333333
97,5,pos_embed.weight,embedding,4,0.0807291666666666
97,5,pos_embed.weight,embedding,5,0.0442708333333333
97,5,pos_embed.weight,embedding,6,0.0026041666666666
97,5,pos_embed.weight,embedding,8,0.0
97,5,pos_embed.weight,embedding,10,0.0
97,5,pos_embed.weight,embedding,12,0.0
97,5,pos_embed.weight,embedding,16,0.0
97,5,pos_embed.weight,embedding,23,0.0
97,5,unembed.weight,unembed,2,0.9834085051546392
97,5,unembed.weight,unembed,3,0.6338595360824743
97,5,unembed.weight,unembed,4,0.1983730670103092
97,5,unembed.weight,unembed,5,0.078930412371134
97,5,unembed.weight,unembed,6,0.0352770618556701
97,5,unembed.weight,unembed,8,0.0082957474226804
97,5,unembed.weight,unembed,10,0.0017719072164948
97,5,unembed.weight,unembed,12,0.0001610824742268
97,5,unembed.weight,unembed,16,0.0
97,5,unembed.weight,unembed,23,0.0
97,5,w_down.weight,mlp,2,0.9747067448680352
97,5,w_down.weight,mlp,3,0.6721957478005866
97,5,w_down.weight,mlp,4,0.4015991568914956
97,5,w_down.weight,mlp,5,0.221132697947214
97,5,w_down.weight,mlp,6,0.1083211143695014
97,5,w_down.weight,mlp,8,0.0246746700879765
97,5,w_down.weight,mlp,10,0.0063233137829912
97,5,w_down.weight,mlp,12,0.0015350073313782
97,5,w_down.weight,mlp,16,6.87316715542522e-05
97,5,w_down.weight,mlp,23,0.0
97,5,w_gate.weight,mlp,2,0.9721407624633432
97,5,w_gate.weight,mlp,3,0.7231717375366569
97,5,w_gate.weight,mlp,4,0.5048570381231672
97,5,w_gate.weight,mlp,5,0.3426044721407624
97,5,w_gate.weight,mlp,6,0.1934109237536657
97,5,w_gate.weight,mlp,8,0.0460960410557184
97,5,w_gate.weight,mlp,10,0.0120509530791788
97,5,w_gate.weight,mlp,12,0.00274926686217
97,5,w_gate.weight,mlp,16,0.0002520161290322
97,5,w_gate.weight,mlp,23,0.0
97,5,w_up.weight,mlp,2,0.9590817448680352
97,5,w_up.weight,mlp,3,0.7307322214076246
97,5,w_up.weight,mlp,4,0.5520986070381232
97,5,w_up.weight,mlp,5,0.399445564516129
97,5,w_up.weight,mlp,6,0.2667705278592375
97,5,w_up.weight,mlp,8,0.0923066348973607
97,5,w_up.weight,mlp,10,0.0216046554252199
97,5,w_up.weight,mlp,12,0.0053381598240469
97,5,w_up.weight,mlp,16,0.0004123900293255
97,5,w_up.weight,mlp,23,0.0
97,6,W_K.weight,attention,2,0.966796875
97,6,W_K.weight,attention,3,0.861328125
97,6,W_K.weight,attention,4,0.626953125
97,6,W_K.weight,attention,5,0.330078125
97,6,W_K.weight,attention,6,0.14453125
97,6,W_K.weight,attention,8,0.03515625
97,6,W_K.weight,attention,10,0.0078125
97,6,W_K.weight,attention,12,0.001953125
97,6,W_K.weight,attention,16,0.0
97,6,W_K.weight,attention,23,0.0
97,6,W_O.weight,attention,2,0.99810791015625
97,6,W_O.weight,attention,3,0.92510986328125
97,6,W_O.weight,attention,4,0.63397216796875
97,6,W_O.weight,attention,5,0.3333740234375
97,6,W_O.weight,attention,6,0.16387939453125
97,6,W_O.weight,attention,8,0.04058837890625
97,6,W_O.weight,attention,10,0.00921630859375
97,6,W_O.weight,attention,12,0.00250244140625
97,6,W_O.weight,attention,16,0.00042724609375
97,6,W_O.weight,attention,23,0.0
97,6,W_Q.weight,attention,2,0.00390625
97,6,W_Q.weight,attention,3,0.0
97,6,W_Q.weight,attention,4,0.0
97,6,W_Q.weight,attention,5,0.0
97,6,W_Q.weight,attention,6,0.0
97,6,W_Q.weight,attention,8,0.0
97,6,W_Q.weight,attention,10,0.0
97,6,W_Q.weight,attention,12,0.0
97,6,W_Q.weight,attention,16,0.0
97,6,W_Q.weight,attention,23,0.0
97,6,W_V.weight,attention,2,0.99102783203125
97,6,W_V.weight,attention,3,0.8248291015625
97,6,W_V.weight,attention,4,0.44696044921875
97,6,W_V.weight,attention,5,0.21484375
97,6,W_V.weight,attention,6,0.1055908203125
97,6,W_V.weight,attention,8,0.02685546875
97,6,W_V.weight,attention,10,0.00726318359375
97,6,W_V.weight,attention,12,0.00177001953125
97,6,W_V.weight,attention,16,0.00018310546875
97,6,W_V.weight,attention,23,0.0
97,6,embed.weight,embedding,2,0.917251275510204
97,6,embed.weight,embedding,3,0.5715880102040817
97,6,embed.weight,embedding,4,0.2919323979591837
97,6,embed.weight,embedding,5,0.1345663265306122
97,6,embed.weight,embedding,6,0.0663265306122449
97,6,embed.weight,embedding,8,0.0146683673469387
97,6,embed.weight,embedding,10,0.00390625
97,6,embed.weight,embedding,12,0.0009566326530612
97,6,embed.weight,embedding,16,7.971938775510203e-05
97,6,embed.weight,embedding,23,0.0
97,6,pos_embed.weight,embedding,2,0.9453125
97,6,pos_embed.weight,embedding,3,0.15625
97,6,pos_embed.weight,embedding,4,0.109375
97,6,pos_embed.weight,embedding,5,0.0677083333333333
97,6,pos_embed.weight,embedding,6,0.03125
97,6,pos_embed.weight,embedding,8,0.0026041666666666
97,6,pos_embed.weight,embedding,10,0.0026041666666666
97,6,pos_embed.weight,embedding,12,0.0
97,6,pos_embed.weight,embedding,16,0.0
97,6,pos_embed.weight,embedding,23,0.0
97,6,unembed.weight,unembed,2,0.9944426546391752
97,6,unembed.weight,unembed,3,0.7531411082474226
97,6,unembed.weight,unembed,4,0.3567171391752577
97,6,unembed.weight,unembed,5,0.1519813144329896
97,6,unembed.weight,unembed,6,0.0728898195876288
97,6,unembed.weight,unembed,8,0.0182023195876288
97,6,unembed.weight,unembed,10,0.0049130154639175
97,6,unembed.weight,unembed,12,0.0012886597938144
97,6,unembed.weight,unembed,16,8.054123711340206e-05
97,6,unembed.weight,unembed,23,0.0
97,6,w_down.weight,mlp,2,0.9980067815249268
97,6,w_down.weight,mlp,3,0.9179343841642228
97,6,w_down.weight,mlp,4,0.7702987536656891
97,6,w_down.weight,mlp,5,0.4957615469208211
97,6,w_down.weight,mlp,6,0.2817311217008797
97,6,w_down.weight,mlp,8,0.0766816348973607
97,6,w_down.weight,mlp,10,0.0197489002932551
97,6,w_down.weight,mlp,12,0.0053610703812316
97,6,w_down.weight,mlp,16,0.0003207478005865
97,6,w_down.weight,mlp,23,0.0
97,6,w_gate.weight,mlp,2,0.9687041788856304
97,6,w_gate.weight,mlp,3,0.796141862170088
97,6,w_gate.weight,mlp,4,0.6638792155425219
97,6,w_gate.weight,mlp,5,0.5009622434017595
97,6,w_gate.weight,mlp,6,0.2733458577712609
97,6,w_gate.weight,mlp,8,0.048249633431085
97,6,w_gate.weight,mlp,10,0.0116385630498533
97,6,w_gate.weight,mlp,12,0.0030471041055718
97,6,w_gate.weight,mlp,16,0.0002978372434017
97,6,w_gate.weight,mlp,23,0.0
97,6,w_up.weight,mlp,2,0.9703079178885632
97,6,w_up.weight,mlp,3,0.8122938049853372
97,6,w_up.weight,mlp,4,0.6162023460410557
97,6,w_up.weight,mlp,5,0.3932597140762463
97,6,w_up.weight,mlp,6,0.2005361070381231
97,6,w_up.weight,mlp,8,0.0624541788856305
97,6,w_up.weight,mlp,10,0.0155562683284457
97,6,w_up.weight,mlp,12,0.0042613636363636
97,6,w_up.weight,mlp,16,0.000274926686217
97,6,w_up.weight,mlp,23,0.0
97,7,W_K.weight,attention,2,0.94140625
97,7,W_K.weight,attention,3,0.494140625
97,7,W_K.weight,attention,4,0.232421875
97,7,W_K.weight,attention,5,0.1640625
97,7,W_K.weight,attention,6,0.09375
97,7,W_K.weight,attention,8,0.02734375
97,7,W_K.weight,attention,10,0.0078125
97,7,W_K.weight,attention,12,0.001953125
97,7,W_K.weight,attention,16,0.0
97,7,W_K.weight,attention,23,0.0
97,7,W_O.weight,attention,2,0.99237060546875
97,7,W_O.weight,attention,3,0.8497314453125
97,7,W_O.weight,attention,4,0.681884765625
97,7,W_O.weight,attention,5,0.5269775390625
97,7,W_O.weight,attention,6,0.392333984375
97,7,W_O.weight,attention,8,0.14605712890625
97,7,W_O.weight,attention,10,0.03204345703125
97,7,W_O.weight,attention,12,0.00860595703125
97,7,W_O.weight,attention,16,0.000732421875
97,7,W_O.weight,attention,23,0.0
97,7,W_Q.weight,attention,2,0.9453125
97,7,W_Q.weight,attention,3,0.0
97,7,W_Q.weight,attention,4,0.0
97,7,W_Q.weight,attention,5,0.0
97,7,W_Q.weight,attention,6,0.0
97,7,W_Q.weight,attention,8,0.0
97,7,W_Q.weight,attention,10,0.0
97,7,W_Q.weight,attention,12,0.0
97,7,W_Q.weight,attention,16,0.0
97,7,W_Q.weight,attention,23,0.0
97,7,W_V.weight,attention,2,0.989990234375
97,7,W_V.weight,attention,3,0.73297119140625
97,7,W_V.weight,attention,4,0.43218994140625
97,7,W_V.weight,attention,5,0.2125244140625
97,7,W_V.weight,attention,6,0.100830078125
97,7,W_V.weight,attention,8,0.02520751953125
97,7,W_V.weight,attention,10,0.00665283203125
97,7,W_V.weight,attention,12,0.00152587890625
97,7,W_V.weight,attention,16,0.0
97,7,W_V.weight,attention,23,0.0
97,7,embed.weight,embedding,2,0.9131058673469388
97,7,embed.weight,embedding,3,0.5100446428571429
97,7,embed.weight,embedding,4,0.2594866071428571
97,7,embed.weight,embedding,5,0.1239636479591836
97,7,embed.weight,embedding,6,0.059390943877551
97,7,embed.weight,embedding,8,0.0128348214285714
97,7,embed.weight,embedding,10,0.0035873724489795
97,7,embed.weight,embedding,12,0.0003985969387755
97,7,embed.weight,embedding,16,0.0
97,7,embed.weight,embedding,23,0.0
97,7,pos_embed.weight,embedding,2,0.96875
97,7,pos_embed.weight,embedding,3,0.859375
97,7,pos_embed.weight,embedding,4,0.2083333333333333
97,7,pos_embed.weight,embedding,5,0.1484375
97,7,pos_embed.weight,embedding,6,0.0520833333333333
97,7,pos_embed.weight,embedding,8,0.0
97,7,pos_embed.weight,embedding,10,0.0
97,7,pos_embed.weight,embedding,12,0.0
97,7,pos_embed.weight,embedding,16,0.0
97,7,pos_embed.weight,embedding,23,0.0
97,7,unembed.weight,unembed,2,0.9891269329896908
97,7,unembed.weight,unembed,3,0.7560405927835051
97,7,unembed.weight,unembed,4,0.3940077319587629
97,7,unembed.weight,unembed,5,0.1792042525773196
97,7,unembed.weight,unembed,6,0.0872261597938144
97,7,unembed.weight,unembed,8,0.0231153350515463
97,7,unembed.weight,unembed,10,0.0050740979381443
97,7,unembed.weight,unembed,12,0.0012886597938144
97,7,unembed.weight,unembed,16,0.0002416237113402
97,7,unembed.weight,unembed,23,0.0
97,7,w_down.weight,mlp,2,0.938874633431085
97,7,w_down.weight,mlp,3,0.6901347140762464
97,7,w_down.weight,mlp,4,0.4864598607038123
97,7,w_down.weight,mlp,5,0.3462014296187683
97,7,w_down.weight,mlp,6,0.2237445014662756
97,7,w_down.weight,mlp,8,0.0613086510263929
97,7,w_down.weight,mlp,10,0.0155562683284457
97,7,w_down.weight,mlp,12,0.0034824046920821
97,7,w_down.weight,mlp,16,0.000183284457478
97,7,w_down.weight,mlp,23,0.0
97,7,w_gate.weight,mlp,2,0.8709677419354839
97,7,w_gate.weight,mlp,3,0.5803931451612904
97,7,w_gate.weight,mlp,4,0.4375458211143695
97,7,w_gate.weight,mlp,5,0.3364644428152493
97,7,w_gate.weight,mlp,6,0.2335731304985337
97,7,w_gate.weight,mlp,8,0.0839213709677419
97,7,w_gate.weight,mlp,10,0.0227501832844574
97,7,w_gate.weight,mlp,12,0.0056818181818181
97,7,w_gate.weight,mlp,16,0.0004123900293255
97,7,w_gate.weight,mlp,23,0.0
97,7,w_up.weight,mlp,2,0.9052190249266864
97,7,w_up.weight,mlp,3,0.5903134164222874
97,7,w_up.weight,mlp,4,0.4459998167155425
97,7,w_up.weight,mlp,5,0.3313324780058651
97,7,w_up.weight,mlp,6,0.2351310483870967
97,7,w_up.weight,mlp,8,0.079774560117302
97,7,w_up.weight,mlp,10,0.0201842008797653
97,7,w_up.weight,mlp,12,0.0047424853372434
97,7,w_up.weight,mlp,16,0.0001374633431085
97,7,w_up.weight,mlp,23,0.0
97,8,W_K.weight,attention,2,0.95703125
97,8,W_K.weight,attention,3,0.828125
97,8,W_K.weight,attention,4,0.65625
97,8,W_K.weight,attention,5,0.431640625
97,8,W_K.weight,attention,6,0.23828125
97,8,W_K.weight,attention,8,0.06640625
97,8,W_K.weight,attention,10,0.013671875
97,8,W_K.weight,attention,12,0.001953125
97,8,W_K.weight,attention,16,0.0
97,8,W_K.weight,attention,23,0.0
97,8,W_O.weight,attention,2,0.8927001953125
97,8,W_O.weight,attention,3,0.6290283203125
97,8,W_O.weight,attention,4,0.3970947265625
97,8,W_O.weight,attention,5,0.23138427734375
97,8,W_O.weight,attention,6,0.12921142578125
97,8,W_O.weight,attention,8,0.0413818359375
97,8,W_O.weight,attention,10,0.01123046875
97,8,W_O.weight,attention,12,0.00274658203125
97,8,W_O.weight,attention,16,0.00042724609375
97,8,W_O.weight,attention,23,0.0
97,8,W_Q.weight,attention,2,0.0234375
97,8,W_Q.weight,attention,3,0.0
97,8,W_Q.weight,attention,4,0.0
97,8,W_Q.weight,attention,5,0.0
97,8,W_Q.weight,attention,6,0.0
97,8,W_Q.weight,attention,8,0.0
97,8,W_Q.weight,attention,10,0.0
97,8,W_Q.weight,attention,12,0.0
97,8,W_Q.weight,attention,16,0.0
97,8,W_Q.weight,attention,23,0.0
97,8,W_V.weight,attention,2,0.93939208984375
97,8,W_V.weight,attention,3,0.5997314453125
97,8,W_V.weight,attention,4,0.2557373046875
97,8,W_V.weight,attention,5,0.11669921875
97,8,W_V.weight,attention,6,0.05694580078125
97,8,W_V.weight,attention,8,0.0133056640625
97,8,W_V.weight,attention,10,0.002685546875
97,8,W_V.weight,attention,12,0.00067138671875
97,8,W_V.weight,attention,16,0.0001220703125
97,8,W_V.weight,attention,23,0.0
97,8,embed.weight,embedding,2,0.9618941326530612
97,8,embed.weight,embedding,3,0.6427774234693877
97,8,embed.weight,embedding,4,0.3801020408163265
97,8,embed.weight,embedding,5,0.2100605867346938
97,8,embed.weight,embedding,6,0.1100924744897959
97,8,embed.weight,embedding,8,0.0274234693877551
97,8,embed.weight,embedding,10,0.0074139030612244
97,8,embed.weight,embedding,12,0.0009566326530612
97,8,embed.weight,embedding,16,7.971938775510203e-05
97,8,embed.weight,embedding,23,0.0
97,8,pos_embed.weight,embedding,2,0.9348958333333334
97,8,pos_embed.weight,embedding,3,0.7421875
97,8,pos_embed.weight,embedding,4,0.15625
97,8,pos_embed.weight,embedding,5,0.125
97,8,pos_embed.weight,embedding,6,0.1041666666666666
97,8,pos_embed.weight,embedding,8,0.0234375
97,8,pos_embed.weight,embedding,10,0.0078125
97,8,pos_embed.weight,embedding,12,0.0
97,8,pos_embed.weight,embedding,16,0.0
97,8,pos_embed.weight,embedding,23,0.0
97,8,unembed.weight,unembed,2,0.9976643041237112
97,8,unembed.weight,unembed,3,0.9863079896907216
97,8,unembed.weight,unembed,4,0.6878221649484536
97,8,unembed.weight,unembed,5,0.2909954896907216
97,8,unembed.weight,unembed,6,0.1208118556701031
97,8,unembed.weight,unembed,8,0.026659149484536
97,8,unembed.weight,unembed,10,0.0064432989690721
97,8,unembed.weight,unembed,12,0.001208118556701
97,8,unembed.weight,unembed,16,0.0002416237113402
97,8,unembed.weight,unembed,23,0.0
97,8,w_down.weight,mlp,2,0.9934934017595308
97,8,w_down.weight,mlp,3,0.9157349706744868
97,8,w_down.weight,mlp,4,0.7283953445747801
97,8,w_down.weight,mlp,5,0.5974844208211144
97,8,w_down.weight,mlp,6,0.3920454545454545
97,8,w_down.weight,mlp,8,0.1212197580645161
97,8,w_down.weight,mlp,10,0.0275155791788856
97,8,w_down.weight,mlp,12,0.0081332478005865
97,8,w_down.weight,mlp,16,0.0004353005865102
97,8,w_down.weight,mlp,23,0.0
97,8,w_gate.weight,mlp,2,0.9542017961876832
97,8,w_gate.weight,mlp,3,0.739713159824047
97,8,w_gate.weight,mlp,4,0.5082019794721407
97,8,w_gate.weight,mlp,5,0.4003390762463343
97,8,w_gate.weight,mlp,6,0.2937362536656892
97,8,w_gate.weight,mlp,8,0.0419263196480938
97,8,w_gate.weight,mlp,10,0.0086143695014662
97,8,w_gate.weight,mlp,12,0.0022223240469208
97,8,w_gate.weight,mlp,16,0.0002520161290322
97,8,w_gate.weight,mlp,23,0.0
97,8,w_up.weight,mlp,2,0.9662069281524928
97,8,w_up.weight,mlp,3,0.7718566715542522
97,8,w_up.weight,mlp,4,0.5430031158357771
97,8,w_up.weight,mlp,5,0.4507652126099706
97,8,w_up.weight,mlp,6,0.3727089442815249
97,8,w_up.weight,mlp,8,0.1275888929618768
97,8,w_up.weight,mlp,10,0.0288443914956011
97,8,w_up.weight,mlp,12,0.0063691348973607
97,8,w_up.weight,mlp,16,0.0005040322580645
97,8,w_up.weight,mlp,23,0.0
97,9,W_K.weight,attention,2,0.982421875
97,9,W_K.weight,attention,3,0.841796875
97,9,W_K.weight,attention,4,0.6328125
97,9,W_K.weight,attention,5,0.380859375
97,9,W_K.weight,attention,6,0.19921875
97,9,W_K.weight,attention,8,0.05078125
97,9,W_K.weight,attention,10,0.013671875
97,9,W_K.weight,attention,12,0.001953125
97,9,W_K.weight,attention,16,0.0
97,9,W_K.weight,attention,23,0.0
97,9,W_O.weight,attention,2,0.98492431640625
97,9,W_O.weight,attention,3,0.853759765625
97,9,W_O.weight,attention,4,0.66314697265625
97,9,W_O.weight,attention,5,0.4813232421875
97,9,W_O.weight,attention,6,0.28668212890625
97,9,W_O.weight,attention,8,0.078125
97,9,W_O.weight,attention,10,0.0179443359375
97,9,W_O.weight,attention,12,0.00445556640625
97,9,W_O.weight,attention,16,0.0001220703125
97,9,W_O.weight,attention,23,0.0
97,9,W_Q.weight,attention,2,0.0
97,9,W_Q.weight,attention,3,0.0
97,9,W_Q.weight,attention,4,0.0
97,9,W_Q.weight,attention,5,0.0
97,9,W_Q.weight,attention,6,0.0
97,9,W_Q.weight,attention,8,0.0
97,9,W_Q.weight,attention,10,0.0
97,9,W_Q.weight,attention,12,0.0
97,9,W_Q.weight,attention,16,0.0
97,9,W_Q.weight,attention,23,0.0
97,9,W_V.weight,attention,2,0.98553466796875
97,9,W_V.weight,attention,3,0.93731689453125
97,9,W_V.weight,attention,4,0.66009521484375
97,9,W_V.weight,attention,5,0.33819580078125
97,9,W_V.weight,attention,6,0.175048828125
97,9,W_V.weight,attention,8,0.04388427734375
97,9,W_V.weight,attention,10,0.01025390625
97,9,W_V.weight,attention,12,0.0028076171875
97,9,W_V.weight,attention,16,6.103515625e-05
97,9,W_V.weight,attention,23,0.0
97,9,embed.weight,embedding,2,0.8918207908163265
97,9,embed.weight,embedding,3,0.6669323979591837
97,9,embed.weight,embedding,4,0.5120376275510204
97,9,embed.weight,embedding,5,0.3418367346938775
97,9,embed.weight,embedding,6,0.1965880102040816
97,9,embed.weight,embedding,8,0.0475924744897959
97,9,embed.weight,embedding,10,0.0107621173469387
97,9,embed.weight,embedding,12,0.0041454081632653
97,9,embed.weight,embedding,16,0.0001594387755102
97,9,embed.weight,embedding,23,0.0
97,9,pos_embed.weight,embedding,2,0.9583333333333334
97,9,pos_embed.weight,embedding,3,0.6822916666666666
97,9,pos_embed.weight,embedding,4,0.1822916666666666
97,9,pos_embed.weight,embedding,5,0.15625
97,9,pos_embed.weight,embedding,6,0.0182291666666666
97,9,pos_embed.weight,embedding,8,0.0
97,9,pos_embed.weight,embedding,10,0.0
97,9,pos_embed.weight,embedding,12,0.0
97,9,pos_embed.weight,embedding,16,0.0
97,9,pos_embed.weight,embedding,23,0.0
97,9,unembed.weight,unembed,2,0.9899323453608248
97,9,unembed.weight,unembed,3,0.8106475515463918
97,9,unembed.weight,unembed,4,0.4318621134020619
97,9,unembed.weight,unembed,5,0.1890302835051546
97,9,unembed.weight,unembed,6,0.087548324742268
97,9,unembed.weight,unembed,8,0.0211018041237113
97,9,unembed.weight,unembed,10,0.0050740979381443
97,9,unembed.weight,unembed,12,0.0013692010309278
97,9,unembed.weight,unembed,16,0.0003221649484536
97,9,unembed.weight,unembed,23,0.0
97,9,w_down.weight,mlp,2,0.9608000366568916
97,9,w_down.weight,mlp,3,0.8067494501466276
97,9,w_down.weight,mlp,4,0.6423891129032258
97,9,w_down.weight,mlp,5,0.4718658357771261
97,9,w_down.weight,mlp,6,0.3125229105571847
97,9,w_down.weight,mlp,8,0.0998900293255131
97,9,w_down.weight,mlp,10,0.0268969941348973
97,9,w_down.weight,mlp,12,0.0072168255131964
97,9,w_down.weight,mlp,16,0.0004353005865102
97,9,w_down.weight,mlp,23,0.0
97,9,w_gate.weight,mlp,2,0.9036381964809383
97,9,w_gate.weight,mlp,3,0.6675907258064516
97,9,w_gate.weight,mlp,4,0.5075604838709677
97,9,w_gate.weight,mlp,5,0.3580690982404692
97,9,w_gate.weight,mlp,6,0.2473652859237536
97,9,w_gate.weight,mlp,8,0.0930397727272727
97,9,w_gate.weight,mlp,10,0.026461693548387
97,9,w_gate.weight,mlp,12,0.0066898826979472
97,9,w_gate.weight,mlp,16,0.000274926686217
97,9,w_gate.weight,mlp,23,0.0
97,9,w_up.weight,mlp,2,0.9001099706744868
97,9,w_up.weight,mlp,3,0.6563187316715543
97,9,w_up.weight,mlp,4,0.4581882331378299
97,9,w_up.weight,mlp,5,0.3056268328445747
97,9,w_up.weight,mlp,6,0.1958394428152492
97,9,w_up.weight,mlp,8,0.0690524193548387
97,9,w_up.weight,mlp,10,0.0208256964809384
97,9,w_up.weight,mlp,12,0.0052923387096774
97,9,w_up.weight,mlp,16,0.000366568914956
97,9,w_up.weight,mlp,23,0.0
97,10,W_K.weight,attention,2,0.98046875
97,10,W_K.weight,attention,3,0.85546875
97,10,W_K.weight,attention,4,0.615234375
97,10,W_K.weight,attention,5,0.359375
97,10,W_K.weight,attention,6,0.216796875
97,10,W_K.weight,attention,8,0.05859375
97,10,W_K.weight,attention,10,0.01953125
97,10,W_K.weight,attention,12,0.00390625
97,10,W_K.weight,attention,16,0.0
97,10,W_K.weight,attention,23,0.0
97,10,W_O.weight,attention,2,0.99114990234375
97,10,W_O.weight,attention,3,0.865478515625
97,10,W_O.weight,attention,4,0.55670166015625
97,10,W_O.weight,attention,5,0.29522705078125
97,10,W_O.weight,attention,6,0.1510009765625
97,10,W_O.weight,attention,8,0.03668212890625
97,10,W_O.weight,attention,10,0.009033203125
97,10,W_O.weight,attention,12,0.00213623046875
97,10,W_O.weight,attention,16,0.0
97,10,W_O.weight,attention,23,0.0
97,10,W_Q.weight,attention,2,0.23046875
97,10,W_Q.weight,attention,3,0.0
97,10,W_Q.weight,attention,4,0.0
97,10,W_Q.weight,attention,5,0.0
97,10,W_Q.weight,attention,6,0.0
97,10,W_Q.weight,attention,8,0.0
97,10,W_Q.weight,attention,10,0.0
97,10,W_Q.weight,attention,12,0.0
97,10,W_Q.weight,attention,16,0.0
97,10,W_Q.weight,attention,23,0.0
97,10,W_V.weight,attention,2,0.99224853515625
97,10,W_V.weight,attention,3,0.7957763671875
97,10,W_V.weight,attention,4,0.46820068359375
97,10,W_V.weight,attention,5,0.2440185546875
97,10,W_V.weight,attention,6,0.1207275390625
97,10,W_V.weight,attention,8,0.03228759765625
97,10,W_V.weight,attention,10,0.0087890625
97,10,W_V.weight,attention,12,0.00299072265625
97,10,W_V.weight,attention,16,0.000244140625
97,10,W_V.weight,attention,23,0.0
97,10,embed.weight,embedding,2,0.8586575255102041
97,10,embed.weight,embedding,3,0.4873246173469387
97,10,embed.weight,embedding,4,0.2338169642857142
97,10,embed.weight,embedding,5,0.1126434948979591
97,10,embed.weight,embedding,6,0.0560427295918367
97,10,embed.weight,embedding,8,0.0129942602040816
97,10,embed.weight,embedding,10,0.0038265306122448
97,10,embed.weight,embedding,12,0.0006377551020408
97,10,embed.weight,embedding,16,0.0
97,10,embed.weight,embedding,23,0.0
97,10,pos_embed.weight,embedding,2,0.96875
97,10,pos_embed.weight,embedding,3,0.1692708333333333
97,10,pos_embed.weight,embedding,4,0.1041666666666666
97,10,pos_embed.weight,embedding,5,0.0755208333333333
97,10,pos_embed.weight,embedding,6,0.03125
97,10,pos_embed.weight,embedding,8,0.0
97,10,pos_embed.weight,embedding,10,0.0
97,10,pos_embed.weight,embedding,12,0.0
97,10,pos_embed.weight,embedding,16,0.0
97,10,pos_embed.weight,embedding,23,0.0
97,10,unembed.weight,unembed,2,0.9910599226804124
97,10,unembed.weight,unembed,3,0.6974871134020618
97,10,unembed.weight,unembed,4,0.3017074742268041
97,10,unembed.weight,unembed,5,0.1312016752577319
97,10,unembed.weight,unembed,6,0.0627416237113402
97,10,unembed.weight,unembed,8,0.0166720360824742
97,10,unembed.weight,unembed,10,0.0035438144329896
97,10,unembed.weight,unembed,12,0.0008859536082474
97,10,unembed.weight,unembed,16,8.054123711340206e-05
97,10,unembed.weight,unembed,23,0.0
97,10,w_down.weight,mlp,2,0.9945931085043987
97,10,w_down.weight,mlp,3,0.9065478372434016
97,10,w_down.weight,mlp,4,0.7385676319648093
97,10,w_down.weight,mlp,5,0.5317769428152492
97,10,w_down.weight,mlp,6,0.32122892228739
97,10,w_down.weight,mlp,8,0.08685392228739
97,10,w_down.weight,mlp,10,0.0212839076246334
97,10,w_down.weight,mlp,12,0.0052465175953079
97,10,w_down.weight,mlp,16,0.0002061950146627
97,10,w_down.weight,mlp,23,0.0
97,10,w_gate.weight,mlp,2,0.9809155058651028
97,10,w_gate.weight,mlp,3,0.8564882697947214
97,10,w_gate.weight,mlp,4,0.7327712609970675
97,10,w_gate.weight,mlp,5,0.592741935483871
97,10,w_gate.weight,mlp,6,0.3416651392961877
97,10,w_gate.weight,mlp,8,0.1005086143695014
97,10,w_gate.weight,mlp,10,0.0259576612903225
97,10,w_gate.weight,mlp,12,0.0065295087976539
97,10,w_gate.weight,mlp,16,0.0005040322580645
97,10,w_gate.weight,mlp,23,0.0
97,10,w_up.weight,mlp,2,0.9808467741935484
97,10,w_up.weight,mlp,3,0.8208165322580645
97,10,w_up.weight,mlp,4,0.6445656158357771
97,10,w_up.weight,mlp,5,0.4690020161290322
97,10,w_up.weight,mlp,6,0.2987307551319648
97,10,w_up.weight,mlp,8,0.1038077346041055
97,10,w_up.weight,mlp,10,0.0266449780058651
97,10,w_up.weight,mlp,12,0.0070793621700879
97,10,w_up.weight,mlp,16,0.000549853372434
97,10,w_up.weight,mlp,23,0.0
97,11,W_K.weight,attention,2,0.943359375
97,11,W_K.weight,attention,3,0.82421875
97,11,W_K.weight,attention,4,0.681640625
97,11,W_K.weight,attention,5,0.53515625
97,11,W_K.weight,attention,6,0.3359375
97,11,W_K.weight,attention,8,0.08203125
97,11,W_K.weight,attention,10,0.021484375
97,11,W_K.weight,attention,12,0.005859375
97,11,W_K.weight,attention,16,0.0
97,11,W_K.weight,attention,23,0.0
97,11,W_O.weight,attention,2,0.99163818359375
97,11,W_O.weight,attention,3,0.82958984375
97,11,W_O.weight,attention,4,0.58319091796875
97,11,W_O.weight,attention,5,0.3409423828125
97,11,W_O.weight,attention,6,0.1717529296875
97,11,W_O.weight,attention,8,0.02996826171875
97,11,W_O.weight,attention,10,0.0076904296875
97,11,W_O.weight,attention,12,0.00140380859375
97,11,W_O.weight,attention,16,0.0
97,11,W_O.weight,attention,23,0.0
97,11,W_Q.weight,attention,2,0.3203125
97,11,W_Q.weight,attention,3,0.0
97,11,W_Q.weight,attention,4,0.0
97,11,W_Q.weight,attention,5,0.0
97,11,W_Q.weight,attention,6,0.0
97,11,W_Q.weight,attention,8,0.0
97,11,W_Q.weight,attention,10,0.0
97,11,W_Q.weight,attention,12,0.0
97,11,W_Q.weight,attention,16,0.0
97,11,W_Q.weight,attention,23,0.0
97,11,W_V.weight,attention,2,0.98870849609375
97,11,W_V.weight,attention,3,0.72119140625
97,11,W_V.weight,attention,4,0.4249267578125
97,11,W_V.weight,attention,5,0.16656494140625
97,11,W_V.weight,attention,6,0.0728759765625
97,11,W_V.weight,attention,8,0.01708984375
97,11,W_V.weight,attention,10,0.0042724609375
97,11,W_V.weight,attention,12,0.00152587890625
97,11,W_V.weight,attention,16,0.0
97,11,W_V.weight,attention,23,0.0
97,11,embed.weight,embedding,2,0.9567920918367347
97,11,embed.weight,embedding,3,0.5840242346938775
97,11,embed.weight,embedding,4,0.3148118622448979
97,11,embed.weight,embedding,5,0.1605548469387755
97,11,embed.weight,embedding,6,0.0782047193877551
97,11,embed.weight,embedding,8,0.0170599489795918
97,11,embed.weight,embedding,10,0.0035076530612244
97,11,embed.weight,embedding,12,0.0008769132653061
97,11,embed.weight,embedding,16,7.971938775510203e-05
97,11,embed.weight,embedding,23,0.0
97,11,pos_embed.weight,embedding,2,0.9713541666666666
97,11,pos_embed.weight,embedding,3,0.7057291666666666
97,11,pos_embed.weight,embedding,4,0.1484375
97,11,pos_embed.weight,embedding,5,0.0911458333333333
97,11,pos_embed.weight,embedding,6,0.0286458333333333
97,11,pos_embed.weight,embedding,8,0.0
97,11,pos_embed.weight,embedding,10,0.0
97,11,pos_embed.weight,embedding,12,0.0
97,11,pos_embed.weight,embedding,16,0.0
97,11,pos_embed.weight,embedding,23,0.0
97,11,unembed.weight,unembed,2,0.9904155927835052
97,11,unembed.weight,unembed,3,0.7497583762886598
97,11,unembed.weight,unembed,4,0.4445876288659793
97,11,unembed.weight,unembed,5,0.2109375
97,11,unembed.weight,unembed,6,0.0869039948453608
97,11,unembed.weight,unembed,8,0.0205380154639175
97,11,unembed.weight,unembed,10,0.0047519329896907
97,11,unembed.weight,unembed,12,0.0011275773195876
97,11,unembed.weight,unembed,16,0.0
97,11,unembed.weight,unembed,23,0.0
97,11,w_down.weight,mlp,2,0.997892228739003
97,11,w_down.weight,mlp,3,0.9427236070381232
97,11,w_down.weight,mlp,4,0.7623258797653959
97,11,w_down.weight,mlp,5,0.5667842741935484
97,11,w_down.weight,mlp,6,0.3914956011730205
97,11,w_down.weight,mlp,8,0.1222965542521994
97,11,w_down.weight,mlp,10,0.0339305351906158
97,11,w_down.weight,mlp,12,0.0065065982404692
97,11,w_down.weight,mlp,16,0.0002291055718475
97,11,w_down.weight,mlp,23,0.0
97,11,w_gate.weight,mlp,2,0.9678564882697948
97,11,w_gate.weight,mlp,3,0.7108687683284457
97,11,w_gate.weight,mlp,4,0.4728968108504399
97,11,w_gate.weight,mlp,5,0.3524560117302053
97,11,w_gate.weight,mlp,6,0.229128482404692
97,11,w_gate.weight,mlp,8,0.064424486803519
97,11,w_gate.weight,mlp,10,0.01654142228739
97,11,w_gate.weight,mlp,12,0.0049028592375366
97,11,w_gate.weight,mlp,16,0.0002520161290322
97,11,w_gate.weight,mlp,23,0.0
97,11,w_up.weight,mlp,2,0.985108137829912
97,11,w_up.weight,mlp,3,0.7627611803519062
97,11,w_up.weight,mlp,4,0.5358550219941349
97,11,w_up.weight,mlp,5,0.3254902859237537
97,11,w_up.weight,mlp,6,0.1860795454545454
97,11,w_up.weight,mlp,8,0.0536107038123167
97,11,w_up.weight,mlp,10,0.0125320747800586
97,11,w_up.weight,mlp,12,0.0026805351906158
97,11,w_up.weight,mlp,16,6.87316715542522e-05
97,11,w_up.weight,mlp,23,0.0
